,Comment
0,Note - Donâ€™t create test PRs or issues on official repositories of projects as it is unprofessional. Try to test all the things in your own repo.<br><br>Ek aur Complete Tutorial â¤  &amp;<br>on this channel (Apna College YouTube) we have also taught tutorials of ğŸ‘‡ :<br><br>- Complete SQL Course<br>- C Language Course<br>- Java DSA Course<br>- C++ DSA Course<br>- Python Tutorial<br>- Java Tutorial<br>- HTML &amp; CSS in One Shot<br>- ReactJS<br>- Object Orientation with Java<br><br>Tabtak ke liye keep learning &amp; keep coding!
1,Didi please gerrit and zuul CI chain bhi ek video bana do
2,Thank you for explaining in easy way
3,"<a href=""https://www.youtube.com/watch?v=Ez8F0nW6S-w&amp;t=3933"">1:05:33</a>"
4,Thank You ma&#39;am
5,Please stop ruining the Indian dev community
6,Thank you so muchâ¤â¤<br>Very helpful video â˜ºï¸ğŸ‘
7,Please report this video. She needs to understand that pinning a comment is not helping the situation. It&#39;s tarnishing the image of the country and it seems that she couldn&#39;t care less.
8,"Those who is a beginner and want to learn Git commands with this video, please stop right away and thank me for saving your life and time"
9,Thank you.... Bacche bevkoof h toh teacher jaan thodi denge ...
10,best video about git and github
11,what is this happening i mean why people are mad is there something wrong in this video?
12,Per main toh single hu
13,TYSM &lt;3
14,thank you so much di for everything you did for us
15,"<a href=""https://www.youtube.com/watch?v=Ez8F0nW6S-w&amp;t=4421"">1:13:41</a> So that&#39;s where the problem started ğŸ˜‚ğŸ˜‚ğŸ˜‚ğŸ˜‚"
16,A very helpful one. Thank you!
17,"Get-ChildItem : Parameter cannot be processed because the parameter name &#39;a&#39; is ambiguous. Possible matches include: -Attributes -Directory -File -Hidden -ReadOnly <br>-System.<br>At line:1 char:4<br>+ ls -a<br>+    ~~<br>    + CategoryInfo          : InvalidArgument: (:) [Get-ChildItem], ParameterBindingException<br>    + FullyQualifiedErrorId : AmbiguousParameter,Microsoft.PowerShell.Commands.GetChildItemCommand<br><br>what is this error ??"
18,downvoted and reported this videos just because the tutor is ignoring the problem she has created within the opensource community.
19,THANK YOU SO MUCH
20,Superb content. To the point. In detail explanation.
21,Why is this video not yet taken down ?
22,Superb way of teaching.. Big Thanks
23,pta nhi kyu lekin inka pdaya hua kuch bhi samajh nhi ata
24,"<a href=""https://www.youtube.com/watch?v=Ez8F0nW6S-w&amp;t=1309"">21:49</a>"
25,in dealing with english ( - ) its hyphen not minus
26,git clone pe username and password maangta hy is ka koi solution bata den
27,Engagement on stage - Very bad reference ğŸ˜‚ğŸ˜‚ By the way clear &amp; cut explanation. All my doubts cleared. ğŸ‘ğŸ‘
28,sound speed is too much. Unable to understand any after 15 mim
29,"i am already watching at 1.5x and again u got 2x <a href=""https://www.youtube.com/watch?v=Ez8F0nW6S-w&amp;t=1080"">18:00</a>   ğŸ§ğŸ§"
30,56
31,"At  <a href=""https://www.youtube.com/watch?v=Ez8F0nW6S-w&amp;t=1643"">27:23</a> the command &quot;ls -a&quot; is not working and showing me error ?"
32,many many thanks for this video<br>i had a problem almost 3 days not fixed my problem<br>but right now all problem solve its a very easily solve u
33,51
34,ğŸ˜‚ğŸ˜‚ğŸ˜‚ğŸ˜‚ğŸ˜‚ğŸ˜‚ button daba diya nahi dabana tha ğŸ˜‚ğŸ˜‚ğŸ˜‚
35,"ls -a is not working getting this pop-up &quot;Get-ChildItem : Parameter cannot be processed because the <br>parameter name &#39;a&#39; is ambiguous. Possible matches include: <br>-Attributes -Directory -File -Hidden -ReadOnly -System.<br>At line:1 char:4&quot;"
36,42
37,When will you start React course?
38,"At <a href=""https://www.youtube.com/watch?v=Ez8F0nW6S-w&amp;t=4445"">1:14:05</a>, she has explicitly mentioned to not make unnecessary changes unless u have something useful to contribute. Even after this if people are not listening then the blame is on the contributors and not @ApnaCollegeOfficial"
39,"<a href=""https://www.youtube.com/watch?v=Ez8F0nW6S-w&amp;t=1380"">23:00</a>"
40,Hi Shradha. This is my first comment on your video. I really appreciate you to making this video and your youtube channel for learning. you&#39;re awesome teacher.<br>Can you please add Docker and Kubernetes detailed video for study. I fond of the learning those technologies that I never find a good way to understand these.
41,"<a href=""https://www.youtube.com/watch?v=Ez8F0nW6S-w&amp;t=2160"">36:00</a>"
42,react.js ka oneshot/playlist bana do...that&#39;ll be much helpful!......btw thanks for this kind of great content.
43,"<a href=""https://www.youtube.com/watch?v=Ez8F0nW6S-w&amp;t=1680"">28:00</a>"
44,"Bookmark: <a href=""https://www.youtube.com/watch?v=Ez8F0nW6S-w&amp;t=570"">9:30</a>"
45,fatal: could not create work tree dir &#39;&#39;: Permission denied<br><br>error ......
46,"source control showing 10k changes, I tried deleting changes but nothing happened, should I commit or what?  i just started and its all already messed up"
47,You guys literally dont have any concience
48,What the heck are you doing.. seriously.. why should the opensource community should suffer for you..??
49,"ls -a command is not working in my laptop . please help me.   <br><br>ls-a : The term &#39;ls-a&#39; is not recognized as the name of a <br>cmdlet, function, script file, or operable program. Check the  <br>spelling of the name, or if a path was included, verify that   <br>the path is correct and try again.<br>At line:1 char:1<br>+ ls-a<br>+ ~~~~<br>    + CategoryInfo          : ObjectNotFound: (ls-a:String) [  <br>   ], CommandNotFoundException<br>    + FullyQualifiedErrorId : CommandNotFoundException"
50,mam aap abhi staged phase mein ho ya committed phase mein ho?
51,ls -a is showing some syntax get - child item error
52,"anpadh bachho ko kese padhate hai , shiko kuch didi se ,  code with herry , hahha"
53,jisko english bolna nahi aat wo sikh sakta hai kya
54,great course
55,very well and easy explanation...well done!
56,ls -a not working
57,That&#39;s why you layedoff from ms :|
58,"Hello mam.<br><br>I am unable to access git in vs code! (git: The term &#39;git&#39; is not recognized as the name of a cmdlet, function, script file, or executable program.<br>Check the spelling of the name, or if a path was included, verify that the path is correct and try again.) This is the error that I am facing in vs code! please give me the solution about this?"
59,ls -a cmd is not working
60,"Timestamp: <a href=""https://www.youtube.com/watch?v=Ez8F0nW6S-w&amp;t=2746"">45:46</a>"
61,"<a href=""https://www.youtube.com/watch?v=o2CSJYXJBpc"">https://www.youtube.com/watch?v=o2CSJYXJBpc</a> . Should Watch before Learning Git and Github. A humble request to indian students."
62,for those whose &quot;ls -a&quot; isn&#39;t working you can also type &quot;ls -Hidden&quot; gives same results...
63,Didi ek video banaye how to deploy webpage
64,Thanks
65,Amazing ğŸ™Œas a beginner I undrstand everything
66,"(error ls -a)<br>Get-ChildItem : Parameter cannot be processed because the parameter name &#39;a&#39; is ambiguous. Possible matches include: <br>-Attributes -Directory -File -Hidden -ReadOnly -System.<br>At line:1 char:4<br>+ ls -a<br>+    ~~<br>    + CategoryInfo          : InvalidArgument: (:) [Get-ChildItem], ParameterBindingException<br>    + FullyQualifiedErrorId : AmbiguousParameter,Microsoft.PowerShell.Commands.GetChildItemCommand"
67,Iss video ne to bawal macha dala. But galti to bewakuufo ki hai jo bina proper dekhe sune hagne aa gaye git hub pe.
68,Please Take this Video Down
69,thankyou akka
70,Just take this video down.
71,&quot;ls -a&quot;  not working i donno why
72,take this video down
73,THANKS FOR RUINING IMAGE OF INDIAN DEVELOPERS
74,Dude pls edit this video <br>its causing so much embarrassing moment for the indian developers  <br>are didi sun lo humari request pls ....
75,thank you
76,Apna college has become pain in ass.
77,"They don&#39;t give a damn, i will report it,maybe they will take action."
78,Take down this video please! This is hurting India&#39;s image also causing racism towards Indians.
79,Thanks a lot
80,"nice informative but very basic level. You have not covered things like Gitignore, Tags, Rebase, etc"
81,"i use nvim <a href=""https://www.youtube.com/watch?v=Ez8F0nW6S-w&amp;t=1111"">18:31</a>"
82,"If &quot;ls -a&quot; is not working just type &quot;Get-ChildItem -Force&quot; in your powershell or if you want to run &quot;ls -a&quot; change from powershell to gitbash. I hope it will help , Happy Coding CodersğŸ˜Š"
83,Take down this video please! This is hurting India&#39;s image also causing racism towards Indians.
84,Take down this video please! This is hurting India&#39;s image also causing racism towards Indians.
85,Take down this video please! This is hurting India&#39;s image also causing racism towards Indians.
86,Take down this video please! This is hurting India&#39;s image also causing racism towards Indians.
87,do not redeem saar
88,pa jeets are a menace to the society...
89,Vs code ne GitHub connect kasa kela Tai
90,Take down this video please! This is hurting India&#39;s image also causing racism towards Indians.
91,"<a href=""https://www.youtube.com/watch?v=Ez8F0nW6S-w&amp;t=4428"">1:13:48</a>"
92,Noob
93,how dare you
94,please take this video down this is terrible
95,Hey can you please take down this video as now it coming to reputation of Indian dev..<br>Please take it seriously
96,"amazing  tutorials , i now created my owm contribution to official coding  repo in industry (epxress js)"
97,"thans to this video, Ä° found a jop in gogle, thanks ymucjhh."
98,Saaaar
99,Booo your a terrible person in the CS community. Donâ€™t watch this trash.
100,âš ï¸ Please take down the video and make a proper tutorials for *beginners*.
101,Command ls -a is not working in my system<br>   Please suggest the solution of it.
102,TAKE this video down
103,Can we label Apna college as Spammer college
104,good morning sirs
105,Please take down this video and upload a new one with your own GitHub repo to let people test. You cannot &quot;hand-wave&quot; a problem you created by just putting up a notice in your comment section. Please know that this does not reflect well on all Indian programmers.
106,Good morning sars
107,Reported
108,GOOD MORNINGSARS
109,This course is helpful â˜ºï¸
110,ğŸ˜‡Well explainedğŸ˜‡
111,Ek Linux ki video banao na
112,How to obtain SSH key ğŸ˜¢
113,What do you put in the command prompt to poo in loo?
114,didi full stack web devlopment ka be ek series youtube me karlo na
115,"<a href=""https://www.youtube.com/watch?v=Ez8F0nW6S-w&amp;t=2280"">38:00</a>"
116,Thanku
117,Thank you didi
118,An amazing teacher Excellent explanation with scenarios
119,Helpful
120,"Edit out that part, you&#39;ve already screwed up the repo"
121,"Imagine Micheal Jackson with popcorn, Iâ€™m just here for the drama"
122,Indians are at it again.
123,Muje error arha he  -a se hidden file .git show nhi horhi what is prob
124,Plz typescript
125,"Best video ever, ignore the haters &lt;3"
126,Why it sounds like every second sentence is english?
127,"All is going good with GitHub and vs code ,but whenever I use push command it&#39;s not showing the same on GitHub what to do??"
128,"thank u so much for this video<a href=""UCkszU2WH9gy1mb0dV-11UJg/Iv90XouTLuOR8gSxxrToBA""></a>"
129,People like you are disgrace to the Indian tech community! Freshers please stop learning from Bhaiya/Didi YouTube channels and learn from real tutorials or official documentations. I am being regularly in interview panels and can easily identify those who learnt from Bhaiya/Didi channels and straight away reject you from further rounds!
130,worse audience ever
131,Becoz of this type of video genuine Indian contributors are also labelled as spammers..
132,how to upload a file on github more than 25mb ?????
133,Thank you mamâ¤â¤.
134,take down the video
135,How can someone who has served for Microsoft can be so irresponsible. <br>There are some ethics that one should follow.<br>Please take down the video !
136,Wow you could&#39;ve literally just created a repo in a colleague&#39;s account which pretends to be &quot;another company&quot; for the sake of demonstration. Why on earth did you have to use an active project?!<br><br>Please take this video down or edit the part about forks...
137,"Absolutely brilliant video, excellent presentation"
138,Takedown the vedio
139,"<a href=""https://www.youtube.com/watch?v=o2CSJYXJBpc"">https://youtu.be/o2CSJYXJBpc?si=T_V0VdaSvcWdWpIR</a>"
140,Take the Video down.<br>The damage is already done.
141,How did she get hired by Microsoft ?? ğŸ¥´
142,YOU GUYS BETTER TAKE THIS VIDEO DOWN RN !!!
143,disrespectful
144,Apna college is obviously for completely disrespectful idiots
145,nice video mam
146,just take it down
147,Test
148,"<a href=""https://www.youtube.com/watch?v=o2CSJYXJBpc"">https://www.youtube.com/watch?v=o2CSJYXJBpc</a>"
149,Just take the fucking video down
150,Please STOP !
151,dude take this down causing a huge ruckus amng devs
152,idiots
153,The only responsible thing to do is take this video down
154,Didi ğŸ¤¡ take down the video basadh macha di aapne <br>Lagat nai aap jaise logon ki bhi Microsoft mai job lag jati hai ğŸ¤¡
155,Kindly pdf nonote arrange karwa dye k0i
156,does not working vs code
157,Thank you!!
158,Pls trim that part please.
159,Thank you for such amazing session.
160,Who came here after seeing yesterday&#39;s video like here ğŸ‘‡
161,Trim this video mam :)
162,"<a href=""https://www.youtube.com/watch?v=Ez8F0nW6S-w&amp;t=1280"">21:20</a> Home Directory âœ…"
163,Hi /g/
164,"<a href=""https://www.youtube.com/watch?v=Ez8F0nW6S-w&amp;t=4384"">1:13:04</a> main culprit 5 month ke bad bomb phutağŸ¤£ğŸ¤£ğŸ¤£ğŸ¤£ğŸ¤£"
165,mam g  please make a one shot video on REACT JS .
166,ğŸ’¯% helfol video
167,Thank youğŸ˜Œ
168,Good explanation.
169,Good morning sirs!
170,"<a href=""https://www.youtube.com/watch?v=Ez8F0nW6S-w&amp;t=4380"">1:13:00</a>"
171,Can you show a banner to not spam ExpressJS?
172,"This has become a source of spam PRs in the express js repo.<br><br>Please stop making PRs on real projects. You can practise by creating, forking, pushing to YOUR OWN repo.<br><br>I think apna college should take responsibility and take this video down (or trim the github demo). Help the maintainers of express js in reducing the spam PRs."
173,"Denied permission <a href=""https://www.youtube.com/watch?v=Ez8F0nW6S-w&amp;t=2820"">47:00</a>"
174,I got problem while git push origin main
175,thank you didi
176,fatal:pathspec didnot match any files how to solve?
177,please start C# full course and how to use ViSUAL STUDIO IDE <br>please start C# full course and how to use ViSUAL STUDIO IDE <br>please start C# full course and how to use ViSUAL STUDIO IDE <br>please start C# full course and how to use ViSUAL STUDIO IDE
178,please start C# full course<br>please start C# full course<br>please start C# full course<br>please start C# full course<br>please start C# full course<br>please start C# full course
179,please start C# full course<br>please start C# full course
180,please start C# full course
181,please start C# full course
182,please start C# full course
183,"<a href=""https://www.youtube.com/watch?v=Ez8F0nW6S-w&amp;t=1219"">20:19</a> ğŸ˜‚ğŸ˜‚ğŸ˜‚"
184,"<a href=""http://www.youtube.com/results?search_query=%23version"">#Version</a> Control System.."
185,"Thank you for giving top notch knowledge,i really impressed by the quality of your content and all the knowledge and teaching skill you have."
186,Can&#39;t automatically merge &#39;a error occur when I open a pull request âŒ›
187,Thanks a lot shraddha didi ğŸ¤©ğŸ¤©
188,If someone facing problem with ls -a in windows use ls -Force
189,thanks
190,very informative shradha
191,Very helpful â¤â¤
192,"Why you&#39;re not Teaching in English ğŸ˜”ğŸ˜” . I don&#39;t know Hindi , Your channel has All the content useful for freshers but those are only for their native speakers . big disappointment"
193,Mam Really you are great  about teaching......
194,Awesome video learned a lot from this video highly recommended
195,Thank you ğŸ™
196,will i learn git after watching this video can i add it to my resume
197,"If we clone a remote repo to a local repo once, than later if we add files and folders to that local repo, than how we can upload it to the remote repo???"
198,Thank you
199,One&#39;s facing problem in ls -a command in terminal --&gt; Open the Terminal dropdown (next to the + icon) and select  Command Prompt( Default) option
200,Very Well Explained with Examples<br>Thanks !!
201,unable to clone repo from github
202,fatal: not a git repository (or any of the parent directories): .git<br> how to fix this problem
203,Thank you mam â¤
204,an amazing session .. thanks to Shradha didi â¤â¤â¤â¤
205,Very Useful Video.<br>Thank You !
206,jab me push command run karta ho to &quot;unable to access &quot; ka message arrha he ye kya masla he anyone ???
207,Ma&#39;am<br>React.js ki one shot video laao plzzz
208,"Watched till :- <a href=""https://www.youtube.com/watch?v=Ez8F0nW6S-w&amp;t=2941"">49:01</a>"
209,thank you
210,"<a href=""https://www.youtube.com/watch?v=Ez8F0nW6S-w"">0:00</a> Introduction<br><a href=""https://www.youtube.com/watch?v=Ez8F0nW6S-w&amp;t=67"">1:07</a> Git Introduction<br><a href=""https://www.youtube.com/watch?v=Ez8F0nW6S-w&amp;t=300"">5:00</a> GitHub Introduction<br><a href=""https://www.youtube.com/watch?v=Ez8F0nW6S-w&amp;t=445"">7:25</a> Setting Up GitHub<br><a href=""https://www.youtube.com/watch?v=Ez8F0nW6S-w&amp;t=986"">16:26</a> Setting Up Git<br><a href=""https://www.youtube.com/watch?v=Ez8F0nW6S-w&amp;t=1213"">20:13</a> Configuring Git<br><a href=""https://www.youtube.com/watch?v=Ez8F0nW6S-w&amp;t=1383"">23:03</a> Working with VS Code<br><a href=""https://www.youtube.com/watch?v=Ez8F0nW6S-w&amp;t=1442"">24:02</a> Clone and Status<br><a href=""https://www.youtube.com/watch?v=Ez8F0nW6S-w&amp;t=1943"">32:23</a> Add and Commit<br><a href=""https://www.youtube.com/watch?v=Ez8F0nW6S-w&amp;t=2155"">35:55</a> Push Command<br><a href=""https://www.youtube.com/watch?v=Ez8F0nW6S-w&amp;t=2371"">39:31</a> Init Command<br><a href=""https://www.youtube.com/watch?v=Ez8F0nW6S-w&amp;t=2949"">49:09</a> Work Flow"
211,Thank you Mam !
212,Nice and helpful ğŸ‘
213,"<a href=""https://www.youtube.com/watch?v=Ez8F0nW6S-w&amp;t=1218"">20:18</a>"
214,Best tutorial i have ever seen ğŸ¤ŒğŸ¤ğŸ–¤
215,Amazing Helpfull tutorial
216,"Sir, I have facing some problem on GitHub, can you please solve it.<br><br>After pushing my flutter project, the language specification is showing the project is written in C++ mostly. But this project is written in Dart."
217,Please provide AWS complete course
218,Amazing
219,Video me Jo title aa rha he usko hata dijiye Madam code nhi dikhta he
220,Very Helpful SessionğŸ˜ŠğŸ‘
221,Bahut he achha lga tutorial ko complete krke aap aise he aur bhi tutorials bnati raho<br>Best of luck ğŸ¤
222,"I have watched so many videos,that didn&#39;t help at all.<br>Shradha didi you are a true angel for us.thank you"
223,Jus loved it fabulous!!!!!ğŸ‘ğŸ‘
224,I ls -a command is not working showing Get-ChildItem : Parameter cannot be processed because the parameter name<br>&#39;a&#39; is ambiguous. Possible matches include: -Attributes<br>-Dinectory -File -Hidden -Readonly -system.<br>At line:1 char:4
225,"day_1 <a href=""https://www.youtube.com/watch?v=Ez8F0nW6S-w&amp;t=2897"">48:17</a>"
226,"<a href=""https://www.youtube.com/watch?v=Ez8F0nW6S-w&amp;t=3225"">53:45</a>"
227,Thank you so much mam !!â¤â¤
228,Nice contribution but need more improvement!
229,Really Helpful thank you!
230,Mam need all tutorial for devops ...its very helpful to understand.... thanks a lot .. please need all tutorial for devops
231,How can we maintain SAP ABAP projects on GIT ?
232,exeptional........madam
233,"<a href=""https://www.youtube.com/watch?v=Ez8F0nW6S-w&amp;t=2798"">46:38</a>"
234,"I didn&#39;t understand the part <a href=""https://www.youtube.com/watch?v=Ez8F0nW6S-w&amp;t=2579"">42:59</a>"
235,please provide docker and kubernetes tutorial
236,For those who faced such a problem e.g. &quot;ls -a&quot;. I would like to tell you can resolve this problem by this &quot;ls -hidden&quot;
237,"Finally, I have completed this video, thank you so much Shraddha ma&#39;m for this. It&#39;s one of the best GitHub video , easy to understand. You cleared my all doubts, now I&#39;m feeling confident. so thank so you much ma&#39;m â¤"
238,kindly upload its second part if you can
239,"<a href=""https://www.youtube.com/watch?v=Ez8F0nW6S-w&amp;t=2379"">39:39</a> how to push repos from local machine to github"
240,"<a href=""https://www.youtube.com/watch?v=Ez8F0nW6S-w&amp;t=2187"">36:27</a> mins : how to push"
241,"Amazing tutorial, brilliantly explained. God bless you. Keep making tutorials in such a easy language ki coding se hi pyaar ho jayeğŸ’ŒğŸ’Œ"
242,microsoft ka h n github. wo to definitely yhi use krega
243,Youâ€™re awesome ğŸ«¡
244,"What a lecture , Just loved it â¤ğŸ¤Œ"
245,110
246,"for those who are not able to find git in vscode terminal or any terminal, first close terminal and then retry."
247,me bangaldesh se huoo. Me kese git and github notes download karungi...
248,Thank you didi
249,"PS C:\Users\sharm\OneDrive\Desktop\Git-demo&gt; git --version<br>git : The term &#39;git&#39; is not recognized as the name of a cmdlet, function, script file, or operable program. Check the spelling of the name, or if a path was included, verify <br>that the path is correct and try again.<br>At line:1 char:1<br>+ git --version<br>+ ~~~<br>    + CategoryInfo          : ObjectNotFound: (git:String) [], CommandNotFoundException<br>    + FullyQualifiedErrorId : CommandNotFoundException<br><br>I&#39;m getting this error when i&#39;m checking my git version in terminal<br>please help"
250,ppt kaha hai iski jo mam use kr rhe hai?
251,Cheat sheet Kahan se download karna hai GitHub ke comments ki
252,Nice ğŸ‘
253,"<a href=""https://www.youtube.com/watch?v=Ez8F0nW6S-w&amp;t=2933"">48:53</a>"
254,&#39;-&#39; is not minus but hyphen.
255,"plz make a tutorial on ci/cd pipeline Jenkins, docker &amp; Kubernetes step by step"
256,thanks for the tutorial
257,"Amazing. Clear and succinct explanation. honestly, I was sceptical by looking at the duration of less than 1.5 hr but it&#39;s a worthy course.<br>Would have been even better had you slowed a bit your pace of spekaing :)<br>Highly recommended though."
258,I dont think you should use Microsoft name nowdays...You dont need that.
259,thankyou so much
260,What language is that ?
261,Thanks Mam<br>Really Useful Content
262,Thank you DIDI.khush rho ap hamesha
263,"hello di.....Bootstrap ka v ek one shot video bna dijiye.<br> i watched your all one shot video &amp; learn these skills very well."
264,thank you mam for such a informative lecture
265,Thank you so so so so much shraddha...ğŸ¤—ğŸ¤—â™¥â™¥â™¥â™¥
266,ğŸ¤
267,"when i am using &quot;git push origin main&quot; command, at my github only file names are shown .The code inside them is zero."
268,"I have an Issue to run a command &quot;ls -a&quot; on vs code terminal Here&#39;s the issue message;<br><br>&quot; Get-ChildItem : Parameter cannot be processed because the<br>parameter name &#39;a&#39; is ambiguous. Possible matches include:        <br>-Attributes -Directory -File -Hidden -ReadOnly -System.<br>At line:1 char:4<br>+ ls -a<br>+    ~~<br>    + CategoryInfo          : InvalidArgument: (:) [Get-ChildIte  <br>   m], ParameterBindingException<br>    + FullyQualifiedErrorId : AmbiguousParameter,Microsoft.Power  <br>   Shell.Commands.GetChildItemCommand &quot;"
269,reset with git log not working please anyone tell me.
270,\ No newline at end of file anyone facing this problrm durin git diff
271,nice ....
272,"ls -a is not working (windows), it suggests ls -Hidden"
273,Plz c#
274,aap ka bohot bohot sukriya didi
275,Ram ram didi
276,Ma&#39;am clone nhi ho rha vs code pe
277,Mam devops k kitna tools job k liya enough hai
278,"PS C:\Users\Dell\Desktop\our work\git-demo\project-demo&gt; ls -a<br>Get-ChildItem : Parameter cannot be processed because the parameter name &#39;a&#39; is ambiguous. Possible <br>matches include: -Attributes -Directory -File -Hidden -ReadOnly -System.<br>At line:1 char:4<br>+ ls -a<br>+    ~~<br>    + CategoryInfo          : InvalidArgument: (:) [Get-ChildItem], ParameterBindingException<br>    + FullyQualifiedErrorId : AmbiguousParameter,Microsoft.PowerShell.Commands.GetChildItemCommand  <br><br><br>ye error aa rha hai smaj nhi aa rha hai"
279,Great video Shradha.. very well explained and concise to the point
280,"great to learn all required info from one video,nice"
281,"branches are not showing on github, only showing on vs code tried twice but not available"
282,when u created git demo folder? i am not able to connect git and VS code
283,thank you  mem for your Well teaching
284,"Dii after type git push origin main command, error is generated"
285,Very helpful video. ğŸ‘ŒğŸ‘Œ
286,Open source distribution krne k baad hum merge command ka use nahi kr skte?<br>Ya phir pull request hi mandatory hai?
287,Thanks for tutorial Shradha khapra
288,niceeeeeeeeeeeeeeeeeeeeeeeeee
289,best lecture on github easy understanding
290,Thanks for this tutorial. Explained everything in detail ğŸ˜Š
291,"Can we please get notes taught by you in this video. btw, Thanks for this amazing content. Much appreciated and useful"
292,Speak in English bruh...  ğŸ˜’
293,"I have no words to thank you! One of the best tutorials online, Thank you once more."
294,Learned so much about git and github from this video.thank you so much maam.
295,How to pay for the course for international students? <br>Itâ€™s already started on 24 dec donâ€™t want to miss but donâ€™t know where to contact.
296,Thank you
297,Thx mam!
298,i was deleted the vs code terminal ----&gt; how can i get connected into the git repo
299,THANKS FOR THE VIDEO
300,mam can you please make a tutorial on freebsd porting??
301,I was roaming for Git here and there but finally I got it all. Thanks Apna College.
302,"Totally sql practical<br><br><a href=""https://www.youtube.com/@dotnetsqlmaster?sub_confirmation=1"">https://www.youtube.com/@dotnetsqlmaster?sub_confirmation=1</a>"
303,Anyone please share the drive link of the notes ğŸ™ğŸ™
304,git bash is showing this problem &quot;bash: cd: too many arguments&quot; when I run the cloneing command
305,"didi I am not able to open git , actually i am stuck at <a href=""https://www.youtube.com/watch?v=Ez8F0nW6S-w&amp;t=1180"">19:40</a> Git Bash is not loading/ opening i checked in cmd it showing proper version and all but my git bash terminal is not loading or i am not able to see it on my laptop. Is it probably because of Virtual box ?? Please help asap"
306,In the windows how to show hidden file using terminal commend ??
307,"Thanks, for this course."
308,"<a href=""https://www.youtube.com/watch?v=Ez8F0nW6S-w&amp;t=1648"">27:28</a>  For those who are facing to see hidden files in Vs code<br>use these commands (dir -h) or ( ls -hidden)"
309,Thank you Shraddha Didi for making this tutorial on Git and GitHub
310,"thank you. Really Really impressed by your teaching style. and thank you because you start this you tube community to grow this coding , and  teach young youth coding. thank you"
311,"<a href=""https://www.youtube.com/watch?v=Ez8F0nW6S-w&amp;t=1934"">32:14</a>"
312,Ù…Ø§Ø´Ø§Ø¡Ø§Ù„Ù„Û Ø¨ÛØª Ø²Ø¨Ø±Ø¯Ø³Øª ÙˆÛŒÚˆÛŒÙˆ ÛÛ’Û” Ø¢Ù¾ Ø³Û’ Ú¯Ø²Ø§Ø±Ø´ ÛÛ’ Ú©Û Ø¢Ù¾  Grid Layout Ù¾Ø± Ø¨Ú¾ÛŒ ØªÙØµÛŒÙ„ÛŒ ÙˆÛŒÚˆÛŒÙˆ Ø¨Ù†Ø§Ø¦Û’Û”
313,â˜˜ï¸â˜˜ï¸
314,Thank you very much maam
315,please make tutorial using SSH
316,@ApnaCollegeOfficial Sharda please use only Git base if you are going to git and github not VS terminal because i am using Android Studio so i need to learn only with help of Git base.
317,kind share the git demo file
318,"<a href=""https://www.youtube.com/watch?v=Ez8F0nW6S-w&amp;t=690"">11:30</a>"
319,"<a href=""https://www.youtube.com/watch?v=Ez8F0nW6S-w&amp;t=2376"">39:36</a>"
320,when i try to push it ask me to enter username and password
321,This is a perfect video I was searching for git.<br>Thankyou so much ğŸ˜Š
322,Too basic.. Not good enough to get any job. In one hour she has just completed git pull and push.
323,"For those are facing the problem command (ls -a).Open the Terminal dropdown (next to the + icon) and select Select Default Profile. This will open a list of available shells, including Git Bash. Selecting Git Bash will set it as your default shell, and all future terminals will be opened with Git Bash."
324,Please make videos for how to start learning mern stack
325,not showing .git when i use ls -a command
326,"<a href=""https://www.youtube.com/watch?v=Ez8F0nW6S-w&amp;t=2378"">39:38</a> Init Command"
327,Thankyou so much mamğŸ˜Š
328,thank you so much didi
329,Please make a tutorial video for vs codeğŸ¥²
330,Make a tutorial on React js
331,"<a href=""https://www.youtube.com/watch?v=Ez8F0nW6S-w&amp;t=1510"">25:10</a>"
332,"<a href=""https://www.youtube.com/watch?v=Ez8F0nW6S-w&amp;t=1399"">23:19</a>"
333,"Very Nicely explained concepts, i am commenting after watching 3 other videos, before i found this tutorial."
334,Always Greateful to have u as a All Rounder Mentor in My Coding Journey . ..Thank YOU...â¤â¤!!!<br>Didi please kindly share the  ğŸ”— link of the slides ğŸ“– used in this tutorial apart from the shared notes provided on Apna College websites.
335,imagine how it feels when you already watch in 2x speed and the video itself turns 2x speed ğŸ˜‚ğŸ˜‚ğŸ¤£ğŸ¤£ğŸ¤£ğŸ¤£ğŸ¤£ğŸ¤£
336,Thank you very much Shradha didi
337,I have terminal on my window.<br>Can I use that instead of git bash
338,"<a href=""https://www.youtube.com/watch?v=Ez8F0nW6S-w&amp;t=3606"">1:00:06</a>"
339,when i add origin it shows me error: remote origin already exists... pls anyone tells me why ?
340,"thanks for the video. One suggestion is , after git reset, you can use git restore to actually reflect back to previous version of code. specially if you deleted/modified something."
341,well explained
342,Just PERFECT !! Thanks a lot for the awesome content.
343,You can also use &quot;ls -Hidden&quot; to extract hidden files as &quot;ls -a&quot; is outdated in cmd
344,thank you didi @ApnaCollegeOfficial
345,"<a href=""https://www.youtube.com/watch?v=Ez8F0nW6S-w&amp;t=1212"">20:12</a> -&gt; git config"
346,"<a href=""http://www.youtube.com/results?search_query=%23stopvivekbindra"">#StopVivekBindra</a><br><a href=""http://www.youtube.com/results?search_query=%23stopscambusiness"">#StopScamBusiness</a>"
347,pls when is  the video  in another language add Hindi at least than we can skip
348,ReposotaryğŸ˜ª
349,"Fan aur van tho hum prabhu k hai, baki padati sahi hai,"
350,Ma&#39;am you are awesome ğŸ˜Š
351,Thanks ma&#39;am!!
352,ls -a is giving errors in windows also % sign is not visible in windows on terminal in VS code
353,"vdo at ::::::___---------<a href=""https://www.youtube.com/watch?v=Ez8F0nW6S-w&amp;t=3520"">58:40</a> i dont have that option of (feature1 has recent pushes 1 min age) that PULL REQUEST <br>wala option"
354,"Hats off to the patience level , even explaining cd command , mai to itna batana pde to gussa krne lgu ğŸ˜…ğŸ˜…ğŸ˜…"
355,She normally speaks so fast and when 2x speed mode is initilized it seems so funny. But this is an informative video for the beginners who want to know about Git and GitHub.
356,"Got confused regarding the folder opened at <a href=""https://www.youtube.com/watch?v=Ez8F0nW6S-w&amp;t=1398"">23:18</a>. Can someone please clear how that folder was made or added."
357,Thank you madam for explaining about git n git hub can u please do video tutorials on Devops course
358,ğŸ‘â¤
359,ls -a work nhi kr rha h
360,"<a href=""https://www.youtube.com/watch?v=Ez8F0nW6S-w&amp;t=2549"">42:29</a>"
361,Nice tutorial
362,Thank you Apna College <br>really simple and easy to understand from basics
363,"Any course link for AI, Chat Gpt for no technical"
364,Cheat sheet kaha pr he????
365,Nice Explanation ğŸ‘
366,Thank you ma&#39;am.
367,ls -a is not working
368,Microsoft acquired GitHub in 2018 for $7.5 billion in stock.
369,Pls do videos in English
370,Your efforts are bigger than your age. PROUD OF YOU.
371,In the year 2004 I met a person and asked him to introduce himself. He started with I am &quot;Mr.&quot; Sachin  Kumar.<br>I along with few more were astonished to see such a (self-punchy) start.<br><br>AND YOU ARE THE SECOND after that. I am Shraddha &quot;Didi&quot;.
372,"<a href=""https://www.youtube.com/watch?v=Ez8F0nW6S-w&amp;t=3300"">55:00</a>"
373,Thank you for this course
374,Thank you. It is really very helpful tutorial
375,didi apne terminal open kese kiya hai
376,great video didi thanks you so much
377,Starting 11/12/23
378,Thanks ğŸ‘
379,for those having problem when git diff main is run so there is endless loop to escape it type q in window
380,git push origin main... nahi ho raha. master branch dhikhai de raha hai?
381,is homebrew is neccessory for mac m1 for coding. please answer
382,Thank you.!
383,cheat sheet link please
384,Mam make a video on how to use guthub wirh intellij ğŸ™ğŸ™ğŸ™ğŸ™
385,Thank you soooo much for this detailed tutorial in easy words
386,Can&#39;t find GitHub notes can u anyone provide notes pdf pls
387,Thank you didi
388,"Very well explained,  the key parts of git and github. â¤ğŸ‘"
389,ğŸ™ğŸ™ğŸ™
390,"mam, at <a href=""https://www.youtube.com/watch?v=Ez8F0nW6S-w&amp;t=1280"">21:20</a> it&#39;s user&#39;s home directory not root directory"
391,AWESOME
392,"Trust me, It is the one of the best tutorial on git and github on youtube!!"
393,didi te haat par farre banaya hai ğŸ˜‚ğŸ˜‚ğŸ˜‚ğŸ˜‚
394,Useful ğŸ˜Š
395,Note file link is broken! Great Video!
396,I&#39;m not able to get my GIT Repository on my local computer . Can anyone please help ?
397,Ager me kaam ko chod ke jaunga toh kiya muje baar baar clone Banna padega
398,"<a href=""https://www.youtube.com/watch?v=Ez8F0nW6S-w&amp;t=1901"">31:41</a><br><a href=""https://www.youtube.com/watch?v=Ez8F0nW6S-w&amp;t=2372"">39:32</a>"
399,"Thank you so much for this video.  If you add stash in this video, it will also be good. I am giving you thanks from bottom of my heart. God bless you ."
400,Should have just re-upload video from Freecodecamp. Complete ripoff from structure of video to minute examples used.
401,Please make part of it so that it covers advance concept like stashes and much more.
402,"Dear Shraddha,<br>Request you to make video on making  latest python projects  for working professional to improve  knowledge."
403,Thank you so much.<br>Easy to understand.<br>crisp and clear ğŸ˜€ğŸ™Œ
404,Slow.. <br>Slow.. <br>Sloooooowwww
405,Thank you !
406,How to upload/share your projects on github??
407,maine kiya git branch to main hi aaraha hai apka kaise master aaya
408,"thanks a lot, shardha didi, for this amazing git tutorialğŸ˜Š"
409,"<a href=""https://www.youtube.com/watch?v=Ez8F0nW6S-w&amp;t=360"">6:00</a> min"
410,beutiful voice
411,very informative session
412,"Awesome <a href=""UCkszU2WH9gy1mb0dV-11UJg/m8MfY4jbFsWJhL0PyouA2Ak""></a>"
413,ls -a command is not working in vs code why? But it working in Git Bash Why?<br><br>What will I do??
414,Very nice tutorial in short but effective 5 stars
415,Guys while i have parllely tried to do the same i have encountered few errors just used gpt it made me understand the problems more proficiently.Mam that&#39;s a another excellent work of yours.
416,This is the best git tutorial on youtube
417,Great tutorial
418,Awesome explanation...thank you so much
419,"since you are using a mac machine you showed full tutorial in mac, but you should also have had shown immediately its hands on in windows too"
420,"why are you showing git tutorial using VS Code, if you wanna teach pure Git things, show Git Usage using Command Prompt na rather than Vs Code terminal."
421,38
422,ls -a cmd doesn&#39;t run on the termianl. Why is it so?
423,You are doing so well things for the society and peoples thank you
424,Please make same topic video using eclipse ide .
425,great
426,"For those people, who are complaining that ls -a command is not working in their system : &quot;You have downloaded Git Bash but in your vs code terminal you are using Powershell so, switch Powershell to Git Bash. Everything will resolve â¤."
427,Mam talking too much engagement example ğŸ˜… to explain
428,Thank You ğŸ˜Š!! Please make video on Postman
429,"pace bahot fast hai apaka, you should slow it down little bit, I have tried playing in .75 but its just seems fake..."
430,Thank you ma&#39;am.
431,Thank You â¤â¤
432,Excellent tutorial on Git Thank you
433,"Thanks, Shradha for the great class."
434,thankyou so much for the info I just watched the full video its super easy and informative
435,Thanks for the sharing such good topic and the content. Keep sharing those things.ğŸ™‚
436,"<a href=""https://www.youtube.com/watch?v=Ez8F0nW6S-w&amp;t=990"">16:30</a>"
437,Thank you â¤â¤
438,helpful video
439,Ma&#39;am it says &quot;Fatal: no such git repository&quot; when I type git status. But I am doing as you said. Please explain?ğŸ™
440,à¤§à¤¨à¥à¤¯à¤µà¤¾à¤¦ à¤¦à¥€à¤¦à¥€ â¤
441,Hi...From Pakistan .. Your Teaching Ability is just next level and simple so that anyone can understand.. Learned so much from your channel .
442,ğŸ‘ŒğŸ‘
443,Madam... Please teach in English language so that all language people in India can understand the subject.
444,Git push origin main is not working plz tell me how to fix it
445,One shot video is awesome ğŸ˜
446,"<a href=""https://www.youtube.com/watch?v=Ez8F0nW6S-w&amp;t=1830"">30:30</a>"
447,"didi thanks so much,education ka symbol aap ho"
448,thanks for the tutorial.....
449,Great Miss. You have done amazing job. I have take your full lecture. very helpful.
450,I am big fan of sardha didi
451,Didi mat Bola karo  plz  31 ki umar vale bhi dhekhte hai aapka video
452,â¤â¤
453,"<a href=""https://www.youtube.com/watch?v=Ez8F0nW6S-w"">0:00</a>- Introduction<br><a href=""https://www.youtube.com/watch?v=Ez8F0nW6S-w&amp;t=67"">1:07</a>- Git Introduction<br><a href=""https://www.youtube.com/watch?v=Ez8F0nW6S-w&amp;t=300"">5:00</a>- GitHub Introduction<br><a href=""https://www.youtube.com/watch?v=Ez8F0nW6S-w&amp;t=445"">7:25</a>- Setting Up GitHub<br><a href=""https://www.youtube.com/watch?v=Ez8F0nW6S-w&amp;t=986"">16:26</a>- Setting Up Git<br><a href=""https://www.youtube.com/watch?v=Ez8F0nW6S-w&amp;t=1213"">20:13</a>- Configuring Git<br><a href=""https://www.youtube.com/watch?v=Ez8F0nW6S-w&amp;t=1383"">23:03</a>- Working with VS Code<br><a href=""https://www.youtube.com/watch?v=Ez8F0nW6S-w&amp;t=1442"">24:02</a>- Clone and Status<br><a href=""https://www.youtube.com/watch?v=Ez8F0nW6S-w&amp;t=1943"">32:23</a>- Add and Commit<br><a href=""https://www.youtube.com/watch?v=Ez8F0nW6S-w&amp;t=2155"">35:55</a>- Push Command<br><a href=""https://www.youtube.com/watch?v=Ez8F0nW6S-w&amp;t=2371"">39:31</a>- Init Command<br><a href=""https://www.youtube.com/watch?v=Ez8F0nW6S-w&amp;t=2949"">49:09</a>- Work Flow<br><a href=""https://www.youtube.com/watch?v=Ez8F0nW6S-w&amp;t=2976"">49:36</a>- Git Branches<br><a href=""https://www.youtube.com/watch?v=Ez8F0nW6S-w&amp;t=3085"">51:25</a>- Branch Commands<br><a href=""https://www.youtube.com/watch?v=Ez8F0nW6S-w&amp;t=3355"">55:55</a>- Merging Code<br><a href=""https://www.youtube.com/watch?v=Ez8F0nW6S-w&amp;t=3432"">57:12</a>- Pull Request<br><a href=""https://www.youtube.com/watch?v=Ez8F0nW6S-w&amp;t=3616"">1:00:16</a>- Pull Command<br><a href=""https://www.youtube.com/watch?v=Ez8F0nW6S-w&amp;t=3650"">1:00:50</a>- Resolving Merge Conflicts<br><a href=""https://www.youtube.com/watch?v=Ez8F0nW6S-w&amp;t=3931"">1:05:31</a>- Undoing Changes<br><a href=""https://www.youtube.com/watch?v=Ez8F0nW6S-w&amp;t=4284"">1:11:24</a>- Fork"
454,thanks
455,Thank you so much Shraddha didi &lt;3
456,"<a href=""https://www.youtube.com/watch?v=Ez8F0nW6S-w&amp;t=2531"">42:11</a>"
457,Plz do a video for performing crud operation in windows form using C# language and restful api
458,can you provide english subtitles for the explanation of videos
459,How to find Hidden File in Windows in Mac WE use  ls -a but in windows what we have to use to see hidden file ?please respond anyone
460,thank you so much...very useful
461,Thank You mam
462,Learning this on Diwali ğŸ˜Š<br>Happy Diwali Guys ğŸª”ğŸª”ğŸ†ğŸ‡ğŸ™âœ¨ğŸª·â¤ï¸
463,"I am facing difficulty in running the reset command using the hash of the commit, please help."
464,That ln -a is not working in windows
465,"when i type          ls -a<br>its show me this <br>can anyone help??<br><br><br>Get-ChildItem : Parameter cannot be processed because the parameter <br>name &#39;a&#39; is ambiguous. Possible matches include: -Attributes         <br>-Directory -File -Hidden -ReadOnly -System.<br>At line:1 char:4<br>+ ls -a<br>+    ~~<br>    + CategoryInfo          : InvalidArgument: (:) [Get-ChildItem],  <br>   ParameterBindingException<br>    + FullyQualifiedErrorId : AmbiguousParameter,Microsoft.PowerShel  <br>   l.Commands.GetChildItemCommand"
466,gitdemo folder is not created in my local.
467,"Thanks for the video, but please add milestones in the video, so that intermediates don&#39;t waste their time watching already known topics!"
468,ls -a command is not working
469,Thank you Shradha didi and Apna college for this amazing tutorial of git and  GitHub. One of the best video on tutorial of git &amp; GitHub in YouTube for beginners.
470,Videos banane ke liye screen recorder kaunsa acha hai..Pls suggest
471,Thank you !
472,"Simply amazing tutorial - I can feel the confidence in her teaching and that&#39;s what makes it easy to learn and retain the knowledge. Thanks a lot. (not a complain but do you think we miss <a href=""http://www.youtube.com/results?search_query=%23git"">#git</a> log command? I heard it&#39;s used a lot)"
473,Can you make video tut. on buildroot linux or yocto
474,"<a href=""UCkszU2WH9gy1mb0dV-11UJg/jPgfY5j2IIud29sP3ZeA4Ag""></a>"
475,"<a href=""https://www.youtube.com/watch?v=Ez8F0nW6S-w&amp;t=3300"">55:00</a> branch"
476,OMG commit and add krte krte puri zindagi nikal jayegi.
477,Thanks for this very good information about git and github
478,"<a href=""https://www.youtube.com/watch?v=Ez8F0nW6S-w&amp;t=3645"">1:00:45</a>"
479,"<a href=""https://www.youtube.com/watch?v=Ez8F0nW6S-w&amp;t=2378"">39:38</a>,<a href=""https://www.youtube.com/watch?v=Ez8F0nW6S-w&amp;t=2980"">49:40</a>"
480,thanks for the tutorial
481,Thanks didi â¤ï¸
482,Make English videos plz
483,"<b>Here is a tip</b><br>Use &quot;Ctrl + L&quot; (for windows)<br>        &quot;Cmd + K&quot; (for mac)<br><br>To clear the terminal"
484,lanat aa tera ty khuty dy bachi aa
485,"I wonder, how the process of acquiring all this knowledge, for you, must be. Super impressive delivery and great passion for imparting knowledge. Loved it!"
486,thank u..very helpful...
487,You talk too fast
488,while I&#39;m doing git status in our vs code windows system  fatal: not a git repository (or any of the parent directories): .gits): .git    <br>this message is printed not like you so how can I resolve this and why does this happened..
489,"At <a href=""https://www.youtube.com/watch?v=Ez8F0nW6S-w&amp;t=3149"">52:29</a> In my terminal inside VS code, I&#39;m getting error when I type git branch checkout -b feature1. Please help ğŸ™"
490,It helped me a lot Thank you so much
491,I am getting an error in terminal<br>Fatal : not a git repository ( or any of the parent directories ) <br><br>Even after configuring<br>Windows - vs code
492,Where is the cheat sheet ? If anyone finds it pls tell me.
493,"THANK YOU SO MUCH FOR THIS TUTOTRIAL, I was so confused with the git commands but your explanation was so easy to understand and follow along!"
494,We need JavaScript ONe SHOT . Thank you.
495,"ls -a is not working for me at <a href=""https://www.youtube.com/watch?v=Ez8F0nW6S-w&amp;t=1650"">27:30</a>"
496,thanks
497,waste of time
498,"<a href=""https://www.youtube.com/watch?v=Ez8F0nW6S-w&amp;t=2343"">39:03</a> Local (VSCode ) to Remote (Github) process starts.."
499,ğŸ”¥ğŸ”¥ğŸ”¥ğŸ”¥ğŸ”¥
500,github ko data analyst wale use kr skte h mam.?
501,Amazing
502,"php vs python for backend which will be best? <br>i know every languages are best at their own , but i want a genuine answer.."
503,this is nice
504,"If we have made some changes in our code, and we realize that we&#39;ve completely messed it up, however, we neither have added the code in staging area nor have we committed it. We only want to go to the initial state from where we had started modifying the file. How can we do that?"
505,too much informative. jb ham start me project bnaty us me html css k sath java bhi use krni ho us se related guide kr den ya video upload kr den kindly
506,"Mam im getting problem in vs code its showing git is not recognised, what to do?"
507,"how to access terminal in vs code from gitbash  that shows in  <a href=""https://www.youtube.com/watch?v=Ez8F0nW6S-w&amp;t=1427"">23:47</a>"
508,Thank You !
509,"Hi ! Thanks a lot for this video. This was consolidated very well.  are commands like git stash, git bisect, cherrypick  used at all? Since i see they are not covered in this video."
510,"<a href=""UCkszU2WH9gy1mb0dV-11UJg/CIW60IPp_dYCFcuqTgodEu4IlQ""></a>â¤â¤â¤â¤â¤â¤â¤â¤â¤â¤"
511,Best!
512,"i don&#39;t know why ma&#39;am but when we see you , we are get motivated that we can do anything <br>truly spreaking ma&#39;am ğŸ˜ŠğŸ˜ŠğŸ˜ŠğŸ˜ŠğŸ˜ŠğŸ˜ŠğŸ˜ŠğŸ˜ŠğŸ˜ŠğŸ˜Š"
513,&quot;mein hu aapki shradha didi&quot; mere ae 20 saal choti ho tum <br>.. didi kahan se ho gayi
514,thank you for clear explanation
515,Plz make video on Linux command as well.. ğŸ¥²ğŸ¥² Thanks you..!! ğŸ˜Š
516,mam android development course using kotlin
517,Can you please tell about the &quot;issues&quot; tab on github as well?
518,Where is the cheat sheet
519,niceğŸ‘Œ
520,Thank u Mam it&#39;s mattered to me very meaningfully ğŸ™. i&#39;m really thankful to u mam
521,sharda didi aap best teacher ho
522,Thank you! I actually learned Git and Git hub in an hour with your tutorial.
523,Github chhordo skincare routine bta do
524,Git is not accessible in  myy vs code terminal.
525,this is one of the best tutorial for git and git hub because every one can confuse the student but  shradhha mam explained well in very decent mannert
526,"My time stamp - <a href=""https://www.youtube.com/watch?v=Ez8F0nW6S-w&amp;t=896"">14:56</a>"
527,please make a video on MobgoDB by shradha didi
528,Thank You So Much Didi for wonderful Session..â˜º
529,Not getting index.html in github repo after everything I have done
530,very helpful
531,Thank you shraddha mam â¤
532,is GITDEMO is normal folder created in desktop or anyhow connected to git
533,Devops tutorial bhi dedo dii please
534,Now  I finally  Learn Git and Github. Thank you .
535,Please teach tutorials of Dart Language ğŸ™ğŸ¼
536,"Hello at <a href=""https://www.youtube.com/watch?v=Ez8F0nW6S-w&amp;t=1684"">28:04</a> as in my windows 11 system &quot;ls - a&quot; did not work --- I had done exactlly as said in the video -- why so happened -- please can anyone  tell ???ğŸ™ğŸ™ğŸ™ pls"
537,Really good video
538,"ls -a command displays this error <br>Get-ChildItem : Parameter cannot be processed because the parameter <br>name &#39;a&#39; is ambiguous. Possible matches include: -Attributes<br>-Directory -File -Hidden -ReadOnly -System.<br>At line:1 char:4<br>+ ls -a<br>+    ~~<br>    + CategoryInfo          : InvalidArgument: (:) [Get-ChildItem],  <br>    ParameterBindingException<br>    + FullyQualifiedErrorId : AmbiguousParameter,Microsoft.PowerShe  <br>   ll.Commands.GetChildItemCommand"
539,please one short on javascript
540,"Maam, the way you teach is excellent"
541,Ray-po-zee-Tary ? Aapko nhi lagta aapki pronounciation kuch galat hai?ğŸ˜…ğŸ˜…ğŸ˜…
542,could you please provide english subtitles for your content ğŸ˜­
543,Awesome!
544,This was a great tutorial. Thank you maam. <br>Can you do the tutorial on CI/CD integration.
545,Thanks to Apana Collegeâ­
546,vs code me json error ko fix kese kre...?
547,best videoo
548,thanx
549,"whah madam whah, very good teaching... Jai Telangana. jai India."
550,Testers bhi is video ko follow kar sakte hai kya
551,â¤â€ğŸ”¥
552,osm lecture
553,"<a href=""https://www.youtube.com/watch?v=Ez8F0nW6S-w&amp;t=2687"">44:47</a>"
554,"Hi Shradha, Today i started learning about Git and GitHub...I followed all the points as per your video and i got stuck in one place that the files/folders created in GitHub are not showing when i used Visual Studio to search for my repository demo folders....Result showing as No Match found....Kindly guide...."
555,tysm
556,great info thank you so much...
557,good video thanks
558,bad recording with this 50k shure mic. but good video :)
559,Thanku â¤
560,"Hello, this is a best video to learn basics of Git. Can you please explain commit amend command in simply way. Thanks"
561,Completed ğŸ˜Š
562,"It was a fab video, crisp and clear, understood each and every part of it.  thanks a ton.."
563,"<a href=""https://www.youtube.com/watch?v=Ez8F0nW6S-w&amp;t=1631"">27:11</a> No Showing hidden file show below msg<br><br>Get-ChildItem: Parameter cannot be processed because the parameter name &#39;a&#39; is ambiguous. Possible matches include: -Attributes -Directory -File -Hidden -ReadOnly -System."
564,World without INDIANS would have been Hell for PROGRAMMERS
565,Is it necessary to download VS code can&#39;t it go with anaconda-jupyter notebook?
566,Thank You Didi it was a very informative and really really helpful video.
567,"<a href=""https://www.youtube.com/watch?v=Ez8F0nW6S-w&amp;t=53"">0:53</a>"
568,please do similar video on vs code <br>its to confusing with all the things in it
569,Thankyou Shardha Didi
570,"For VS code, shall we use user installer or system installer?"
571,Waah did waah aapka jawab nahi. finest video ğŸ‘Œ
572,"<a href=""https://www.youtube.com/watch?v=Ez8F0nW6S-w&amp;t=1309"">21:49</a>"
573,An easy-to-understand tutorial on Git and Gihub
574,Best explanation. Can you please create same fast track tutorial on Jenkins?
575,"When video playback runs on 2x speed and unable to understand it, make playback 0.75x from the YouTube."
576,"I get this error when using ls -a command in vs code terminal on windows pc, pls help <br><br>Get-ChildItem : Parameter cannot be processed because the parameter name &#39;a&#39; is ambiguous. Possible matches include: -Attributes -Directory     <br><br>-File -Hidden -ReadOnly -System."
577,"Thank you for bringing this wonderful video, just finished this video now, thanks a lot..."
578,Thank You
579,thank you so much didi for your efforts
580,@ApnaCollegeOfficial Can you please create the serious for Go Programming Language and Go Test need this for my project.ğŸ™
581,"Good explanation,  you have very good command on the tool"
582,"Hi Mam, can you make video on Socket in Node.JS with room, namespace, broadcasting (in detailed) ??"
583,Thank you soo much.
584,good work.
585,"The content was amazing and your voice and pronunciation is amongst one of the best of all the creators on youtube. Kudos to the good work.<br><br> I just had a doubt towards the end of the course.  when we did git reset index.html @<a href=""https://www.youtube.com/watch?v=Ez8F0nW6S-w&amp;t=3993"">1:06:33</a> the staged changes were brought back and they were no more staged. but then  how to get back the deleted line?<br><br>Here it was just one line so I remembered the line exactly but if there are many such lines in the files that needs to be reversed than what is the next step?"
586,Extremely useful. I appreciate the efforts.
587,ls -a is not working for me .can anyone resolve for me
588,Please help
589,I can&#39;t access my git from vs code jb <br>git -- version likhta hu to the term git is not recognized likh ke ata h
590,since last 3 days i just sawing error but now my problem is fixed thanks didi for giving us this kind of helpful tutorials
591,Thank you so much excellent tutorial ğŸ‰
592,"very useful, thank you for this quality content ğŸ˜‡"
593,"such a awesome video didi, It really helpful for me"
594,this video is so much useful for beginner just like me thanks a lot di
595,"<a href=""https://www.youtube.com/watch?v=Ez8F0nW6S-w&amp;t=2949"">49:09</a> pe  jo workflow btaya hai ki local Repo ke sath kaam kese kare but ye toh Remote Repo ke sath kaam karne ka workflow hai  please help mam se kahi mistake toh nhi ho gyi yah me galat hu ..."
596,"didi  <a href=""https://www.youtube.com/watch?v=Ez8F0nW6S-w&amp;t=1718"">28:38</a> khapra chagne karke apna college na likh ke dhattarwal rakh dete to aur accha  hota nah ğŸ˜â¤"
597,@apnacollege did git branch -b work nhi kr raha <br>koi or solution dijiye pls
598,"<a href=""https://www.youtube.com/watch?v=Ez8F0nW6S-w&amp;t=1427"">23:47</a>"
599,"On using git branch, it doesn&#39;t show master instead cursor comes on next line"
600,git checkout -b new_branch     --&gt; Is se new branch create hoke us branch ka selection ho jata hai as a current branch.<br><br>git branch -b new_branch        --&gt; Is se new branch create hoti hai.
601,Why doesn&#39;t &quot;ls -a&quot; in microsoft?
602,Gitlab CI CD please make a video
603,Wow.amazing...thanks didi
604,niceâ¤
605,Thank you Shradha didi... For your wonderful presentation
606,rebase &amp; cherry pick are omitted in this video
607,"<a href=""https://www.youtube.com/watch?v=Ez8F0nW6S-w&amp;t=3000"">50:00</a>"
608,Very nice tutorial
609,Please make another video on DevOPs
610,hello you are explaining excellent but please speat little slow
611,"<a href=""https://www.youtube.com/watch?v=Ez8F0nW6S-w&amp;t=4180"">1:09:40</a><br>Trick to remember::<br>We may read `git reset HEAD~1` as &quot;git reset head minus one&quot;.<br><br>I hope it may be helpful.<br>ğŸ˜ƒğŸ‘"
612,"<a href=""https://www.youtube.com/watch?v=Ez8F0nW6S-w&amp;t=3900"">1:05:00</a> RESET and more to undo changes"
613,"Thanks Shraddha, this helped me while preparing presentation on GIT"
614,I can&#39;t see class note for this lecture
615,Thanks a lot for this video This has really clear the concepts of GIT
616,Completed
617,"{ ls -a } is not working . It says : <br>Help..Plz..!ğŸ™<br><br>Get-ChildItem : Parameter cannot be processed because the parameter name &#39;a&#39; is <br>ambiguous. Possible matches include: -Attributes -Directory -File -Hidden -ReadOnly    <br>-System.<br>At line:1 char:4<br>+ ls -a<br>+    ~~<br>    + CategoryInfo          : InvalidArgument: (:) [Get-ChildItem], ParameterBindingEx <br>   ception<br>    + FullyQualifiedErrorId : AmbiguousParameter,Microsoft.PowerShell.Commands.GetChil <br>   dItemCommand"
618,There is problem in modifing and it is not following the command push as i am working on Microsoft
619,nice ..............................tq
620,â¤â¤â¤â¤
621,Very nice explanation â¤
622,ThanksğŸ˜Š
623,For those whose faced issue while using &quot;ls -a&quot; command in VS Code on windows <br>just change your terminal form powershell to gitbash <br>to do this just type &quot;bash&quot;<br>&amp; then you can use the same command
624,Kisi ne notes dwnld kiya h to plss share kr do
625,"<a href=""https://www.youtube.com/watch?v=Ez8F0nW6S-w&amp;t=3653"">1:00:53</a>"
626,"thank you sooooo much. I was looking for this for a while, you saved me  <a href=""UCkszU2WH9gy1mb0dV-11UJg/m8MfY4jbFsWJhL0PyouA2Ak""></a><a href=""UCkszU2WH9gy1mb0dV-11UJg/hf90Xv-jHeOR8gSxxrToBA""></a>"
627,"Wow, thankyou so much."
628,Thank You So Much diiğŸ˜„ğŸ˜ƒ
629,Don&#39;t we need to install the git-bash extension in the VS Code to use Git commands from the Terminal?
630,One Tutorial For Linux
631,I have a requeste please bring a javascript series. I have learnt a lot from your github tutorial. This really helpful for beginners to understand and start using of github. Thanks sharadha DiğŸ˜Š
632,"<a href=""https://www.youtube.com/watch?v=Ez8F0nW6S-w"">0:00</a> - <a href=""https://www.youtube.com/watch?v=Ez8F0nW6S-w&amp;t=975"">16:15</a> basic github<br>installing github and vs code till <a href=""https://www.youtube.com/watch?v=Ez8F0nW6S-w&amp;t=1180"">19:40</a> from 18: 20<br>Configuring git from 20: 17  23 :10<br> from <a href=""https://www.youtube.com/watch?v=Ez8F0nW6S-w&amp;t=1390"">23:10</a>"
633,Very nice tutorial given by shradhdha mam. Thanks
634,Now no need to update the Branch name as by default it returning the Main Branch ğŸ˜ŠğŸ˜Š
635,"Great ma&#39;am but during Commit my automation project I found below warning regarding POM.xml File<br>warning: in the working copy of &#39;pom.xml&#39;, LF will be replaced by CRLF the next time Git touches it<br><br>will it affect something on Git hub?"
636,In  VS-Code while opening GITDEMO file when did we create GITDEMO file. As I am not able to find the folder in my laptop. I have followed all the steps showed in the video.
637,"<a href=""https://www.youtube.com/watch?v=Ez8F0nW6S-w&amp;t=3080"">51:20</a>"
638,Ma&#39;am ls -a not working what should I do
639,Thanks
640,Thank You Mam
641,"Hatssoff to our sharddha didi. for teaching the whole git github in one tutorial.<br>i am not able to understand the git as scartch but now can learn it fully,....."
642,"<a href=""https://www.youtube.com/watch?v=Ez8F0nW6S-w"">0:00</a> Introduction<br><a href=""https://www.youtube.com/watch?v=Ez8F0nW6S-w&amp;t=67"">1:07</a> Git Introduction<br><a href=""https://www.youtube.com/watch?v=Ez8F0nW6S-w&amp;t=300"">5:00</a> GitHub Introduction<br><a href=""https://www.youtube.com/watch?v=Ez8F0nW6S-w&amp;t=445"">7:25</a> Setting Up GitHub<br><a href=""https://www.youtube.com/watch?v=Ez8F0nW6S-w&amp;t=986"">16:26</a> Setting Up Git<br><a href=""https://www.youtube.com/watch?v=Ez8F0nW6S-w&amp;t=1213"">20:13</a> Configuring Git<br><a href=""https://www.youtube.com/watch?v=Ez8F0nW6S-w&amp;t=1383"">23:03</a> Working with VS Code<br><a href=""https://www.youtube.com/watch?v=Ez8F0nW6S-w&amp;t=1442"">24:02</a> Clone and Status<br><a href=""https://www.youtube.com/watch?v=Ez8F0nW6S-w&amp;t=1943"">32:23</a> Add and Commit<br><a href=""https://www.youtube.com/watch?v=Ez8F0nW6S-w&amp;t=2155"">35:55</a> Push Command<br><a href=""https://www.youtube.com/watch?v=Ez8F0nW6S-w&amp;t=2371"">39:31</a> Init Command<br><a href=""https://www.youtube.com/watch?v=Ez8F0nW6S-w&amp;t=2949"">49:09</a> Work Flow<br><a href=""https://www.youtube.com/watch?v=Ez8F0nW6S-w&amp;t=2976"">49:36</a> Git Branches<br><a href=""https://www.youtube.com/watch?v=Ez8F0nW6S-w&amp;t=3085"">51:25</a> Branch Commands<br><a href=""https://www.youtube.com/watch?v=Ez8F0nW6S-w&amp;t=3355"">55:55</a> Merging Code<br><a href=""https://www.youtube.com/watch?v=Ez8F0nW6S-w&amp;t=3432"">57:12</a> Pull Request<br><a href=""https://www.youtube.com/watch?v=Ez8F0nW6S-w&amp;t=3616"">1:00:16</a> Pull Command<br><a href=""https://www.youtube.com/watch?v=Ez8F0nW6S-w&amp;t=3650"">1:00:50</a> Resolving Merge Conflicts<br><a href=""https://www.youtube.com/watch?v=Ez8F0nW6S-w&amp;t=3931"">1:05:31</a> Undoing Changes<br><a href=""https://www.youtube.com/watch?v=Ez8F0nW6S-w&amp;t=4284"">1:11:24</a> Fork<br>Wish you guys the Best of Luck!ğŸ˜Š"
643,"At <a href=""https://www.youtube.com/watch?v=Ez8F0nW6S-w&amp;t=3759"">1:02:39</a> i see that your using some kind of extension in vs code. Can anyone text its name ? And when i use &quot;git branch diff main&quot; in my vs terminal it stops after showing that result and doesn&#39;t move forward. Can any give the solution for this one too?"
644,I needed this tutorial so badly! Thank you for uploading this
645,Great explanation mam! I doesn&#39;t need to repeat it on any point. and it is very easy to understand as compared to another or older videos of others.
646,Dii JavaScript please
647,Well explained.Thank you Ma&#39;am.<br>â¤ğŸ¤©â¤
648,You are so good at explaining the concept!!! Thanks
649,Command git branch is not showing any thing in my terminal anyone has idea whyyy?
650,Thank You Shradha Didi for your wonderful class on Github and Git... this class was awesome and i really liked the way you took the examples...by related each and everything with real life Thank You!
651,"Ma&#39;am aap kon sa teaching tool use kr rhi hai. Instant colour change , best visualisation ho rha hai."
652,Please design full tutorial on Angular
653,"Hmari didi kyo hoti tu,iss aman ki didi hogi,hum fo tujhe sali bna sakte hai"
654,Mam you explain very well and easy to understand
655,Thank you for the tutorial didi
656,Thank you di.please make viedo on javascript .
657,"Thanks a ton mam for uploading such a knowledge heavy video ,which cleared all my confusion .You explained so well ğŸ‘ğŸ‘ğŸ‘ğŸ‘."
658,"Hey... In my local machine, the command &quot; ls -a &quot;(Hidden files) is actually not working.... what can I do to resolve this?"
659,Thankyou shardha mam &amp; aman dattarwal sir
660,"aayin<a href=""UCkszU2WH9gy1mb0dV-11UJg/2sIfY8vIG8z96ALulYDQDQ""></a>"
661,thank you
662,Nice thanks for the information
663,Thanks a lot
664,Mera account hai GitHub pr o 1 sal Purna hai ab mujhe upload karna chalu karna hai to me usi account se Kru ya Naya ACC khol luu
665,Thank you so much
666,What is the difference between branching and forking? At the end of the day we are pull requesting on the main branch or the repo? Please provide some examples for clear understanding.<br>Thanks in advance.
667,Bhaiya 12th pass hone ke baad bhi it sector me inki vajah se aa paya .<br>Inki avaj sunker hi coding sikhi or aaj mis team lead hu .<br>With amazing package thanks a lot di
668,Mam can you please take background in white
669,Very nice video. Like the on screen annotations as you go through. What software did you use for it? Keep up the great work!
670,Best video with Very nice explanations of the concept
671,git explained best possible way thank you mam for this video
672,"Thanks for the tutorial,learned a lot from you"
673,Very Helpful Tutorial Completed in One Shot Make more useful tutorials like this.
674,"pathspec &#39;remote&#39; did not match any files,,,any solution guys?"
675,"<a href=""https://www.youtube.com/watch?v=Ez8F0nW6S-w"">0:00</a> Introduction<br><a href=""https://www.youtube.com/watch?v=Ez8F0nW6S-w&amp;t=67"">1:07</a> Git Introduction<br><a href=""https://www.youtube.com/watch?v=Ez8F0nW6S-w&amp;t=300"">5:00</a> GitHub Introduction<br><a href=""https://www.youtube.com/watch?v=Ez8F0nW6S-w&amp;t=445"">7:25</a> Setting Up GitHub<br><a href=""https://www.youtube.com/watch?v=Ez8F0nW6S-w&amp;t=986"">16:26</a> Setting Up Git<br><a href=""https://www.youtube.com/watch?v=Ez8F0nW6S-w&amp;t=1213"">20:13</a> Configuring Git<br><a href=""https://www.youtube.com/watch?v=Ez8F0nW6S-w&amp;t=1383"">23:03</a> Working with VS Code<br><a href=""https://www.youtube.com/watch?v=Ez8F0nW6S-w&amp;t=1442"">24:02</a> Clone and Status<br><a href=""https://www.youtube.com/watch?v=Ez8F0nW6S-w&amp;t=1943"">32:23</a> Add and Commit<br><a href=""https://www.youtube.com/watch?v=Ez8F0nW6S-w&amp;t=2155"">35:55</a> Push Command<br><a href=""https://www.youtube.com/watch?v=Ez8F0nW6S-w&amp;t=2371"">39:31</a> Init Command<br><a href=""https://www.youtube.com/watch?v=Ez8F0nW6S-w&amp;t=2949"">49:09</a> Work Flow<br><a href=""https://www.youtube.com/watch?v=Ez8F0nW6S-w&amp;t=2976"">49:36</a> Git Branches<br><a href=""https://www.youtube.com/watch?v=Ez8F0nW6S-w&amp;t=3085"">51:25</a> Branch Commands<br><a href=""https://www.youtube.com/watch?v=Ez8F0nW6S-w&amp;t=3355"">55:55</a> Merging Code<br><a href=""https://www.youtube.com/watch?v=Ez8F0nW6S-w&amp;t=3432"">57:12</a> Pull Request<br><a href=""https://www.youtube.com/watch?v=Ez8F0nW6S-w&amp;t=3616"">1:00:16</a> Pull Command<br><a href=""https://www.youtube.com/watch?v=Ez8F0nW6S-w&amp;t=3650"">1:00:50</a> Resolving Merge Conflicts<br><a href=""https://www.youtube.com/watch?v=Ez8F0nW6S-w&amp;t=3931"">1:05:31</a> Undoing Changes<br><a href=""https://www.youtube.com/watch?v=Ez8F0nW6S-w&amp;t=4284"">1:11:24</a> Fork"
676,Please somebody help me out
677,I am stuck in an error and unable to push my code. Tried to sign up with my access token but again unable to access
678,thank you.
679,why do i need to sign up for notes?
680,I used  to follow your channel from the first year of my engineering if you have made this tutorial it would have saved my lot of time.
681,It was very useful and easy to understand. Thanks
682,"hello<br>ls -a not working , git add .a not working  its say a is ambiguous. how to fix it?"
683,Finally found a perfect video which I was looking for GIT. Can you do the same for Jenkins and Linux for beginners ?
684,"<a href=""https://www.youtube.com/watch?v=Ez8F0nW6S-w&amp;t=2456"">40:56</a> ls -a shown error , someone please help me"
685,"just completed it , now everything is clear ... Thank you"
686,Mam plz backend devlopement pr koi video bnao......plzzzz
687,ls -a is not working in my system.
688,JavaScript please ğŸ¥º
689,"Hi , Actually i am beginner in github , facing this problem in vs code terminal  is not working fine"
690,"The way she Blushed at  <a href=""https://www.youtube.com/watch?v=Ez8F0nW6S-w&amp;t=1982"">33:02</a>"
691,&quot;ls -a&quot;   command not working
692,Thank you shraddha didi for this tutorial. God bless you always
693,@ApnaCollegeOffical can I get the ppt u used for this lecture
694,please JavaScript
695,Please make tutorial for OS as well
696,This was superbly explained.
697,malum h aap ki sadi ho gai h pr (video me aap ne sadi ka nam itne bar liya ki muje bhi sadi kr na h)
698,Maza a gya.... Bht acha caurse tha<br>highly recomanded
699,Wonderful beta. Good tutorial for almost 40 plus guy. Easy to understand
700,Dear Didi... today I got many achievements with reference to git and GitHub. I am thrilled and excited. You did a great job. you are really a good didi. I don&#39;t know what a daughter is called in Hindi.
701,Thank you so much mam
702,"+di please backend pe koi tutorial nhi h apke channel se and dusre chanel ki  videos se smjh nhi ata, so please didi backend pe bhi koi tutorial upload kr do please<br>â¤â¤â¤â¤â¤â¤â¤â¤â¤â¤â¤â¤â¤â¤â¤â¤â¤â¤â¤â¤â¤â¤â¤â¤â¤â¤â¤â¤â¤â¤â¤â¤â¤â¤â¤â¤â¤â¤ğŸ’˜ğŸ’˜ğŸ’˜ğŸ’˜ğŸ’˜ğŸ’˜ğŸ’˜ğŸ’˜ğŸ’˜ğŸ’˜ğŸ’˜ğŸ’˜ğŸ’˜â¤â¤â¤â¤â¤â¤â¤â¤â¤â¤â¤â¤â¤â¤â¤â¤â¤â¤â¤â¤â¤â¤"
703,ls -a cmd is not working for me... can anyone please clear my doubt...its showing that(&quot; paramater cannot be processed as parameter name a is ambiguous &quot;)
704,Thanks a ton ma&#39;am!!
705,Thank you apna college.. Apni vali feeling agayi.. haha
706,We need Javascript tutorial ma&#39;am. U have already made a tutorial on html and css so now its good time upload tutorial on Js.
707,Didi javascript padhaye aap
708,thank you for this tutorial. respected mam you are really a good teacher and doing very good job.thank you
709,"This video is very awesome......I understood everything...I was facing a lot of problems and time learning git/github...but the way you explained, I understood it very easily......thanks for the effort you make teaching hundreds and thousands even much more and explaining it in a simplified manner"
710,Please make  FIREBASE  one shot which fully explains the Firebase.
711,Thank you So much Shraddha Didi....God Bless you and your Family
712,Didi make a video on Linux
713,Thank you so much  didi
714,Helpful to enhance my knowledge  ğŸ˜‡
715,"I can&#39;t seen my hidden list file @<a href=""https://www.youtube.com/watch?v=Ez8F0nW6S-w&amp;t=2463"">41:03</a><br>Whenever I type&quot;ls -a&quot;<br>It shows me this statementğŸ‘‡<br>&quot;Get-ChildItem : Parameter cannot be processed because the parameter name &#39;a&#39; is ambiguous. Possible matches include: -Attributes -Directory -File -Hidden -ReadOnly -System.&quot;"
716,Awesooomeee Explaination didiâ¤ Thankyou!ğŸ˜‡
717,"<a href=""https://www.youtube.com/watch?v=Ez8F0nW6S-w&amp;t=1408"">23:28</a>"
718,"In <a href=""https://www.youtube.com/watch?v=Ez8F0nW6S-w&amp;t=1430"">23:50</a>, when I write git --version in the terminal of VS Code, I get this error: - &quot; C:\MinGW\bin : The term &#39;C:\MinGW\bin&#39; is not recognized as the name of a cmdlet, function, script file, or operable program. Check the spelling of the name, or if a path was <br>included, verify that the path is correct and try again.<br>At line:1 char:1<br>+ C:\MinGW\bin git --version<br>+ ~~~~~~~~~~~~<br>    + CategoryInfo          : ObjectNotFound: (C:\MinGW\bin:String) [], CommandNotFoundException<br>    + FullyQualifiedErrorId : CommandNotFoundException&quot; <br><br>ANYONE GOT THE SOLUTION??"
719,"<a href=""https://www.youtube.com/watch?v=Ez8F0nW6S-w&amp;t=1958"">32:38</a>"
720,"I am facing a problem , In resolving conflicts part , when you add button in Feature1 then you switched to main , it showed that there was no button thing in main , but  When I switched from feature1 to main , the button thing was still there as in Feature and main"
721,"mam please make a video on Spring MVC and React.js , please mam ğŸ™"
722,superb explanation
723,Maja aa gya<br>Thanku Didi for such a great content
724,Thank for sharing I was waiting for this
725,Didi cloud computing ki uper ek playlist/course bana di jiye
726,Best video ever which clear all confusions
727,Thank you â¤
728,Thanks
729,Please make a video on API like this video with example
730,Git and GitHub to sikh gaye lekin ab aage kya? Isska hum students kya use kare?
731,plz make a vedio on job switch
732,My  &quot; ls -a&quot; command doesn&#39;t work in terminal. Window system. Please solve my problem.
733,Hello ma&#39;am make ake a video on Power BI and Python  too
734,"at <a href=""https://www.youtube.com/watch?v=Ez8F0nW6S-w&amp;t=1425"">23:45</a> when i open terminal <br>it&#39;s showing:  PS C:\Users\NEW\Desktop\GITDEMO&gt;<br>not my user name means git is not accessible by vs code pls help"
735,@ApnaCollegeOfficial Hello mam<br>I am getting an error on push request as :<br>git push origin main<br>Error : src refspec main does not match any<br>Error: failed to push some refs to origin<br>Please resolve it if possible ğŸ™
736,"Useful , Thank you so much!!"
737,shrada didi ye video mere liye to bahut helful he  muze thoda bahut git ata tha lekin is video ko dekhne ke ba baad mene git ko thoda acche se shik liya
738,It shows destination path &quot;name of project &quot; already exist and is not empty directory why
739,"git branches <a href=""https://www.youtube.com/watch?v=Ez8F0nW6S-w&amp;t=2976"">49:36</a>"
740,great
741,Ma&#39;am when I installed Git I can&#39;t understand why my commands showing error ad I am seeing 3 different types of git
742,Thank You!!!Really really useful
743,command :    ls -a             is not working.......
744,best explanation. loved it
745,Your way of teaching is really crisp and clear. Thank you so much for a wonderful session.
746,please create os and cns one shot video
747,"when I run ls -a command in my terminal it gives error <br>Get-ChildItem : Parameter cannot be processed because the parameter name &#39;a&#39; is ambiguous. Possible matches include: -Attributes <br>-Directory -File -Hidden -ReadOnly -System.<br>At line:1 char:4<br>+ ls -a<br>+    ~~<br>    + CategoryInfo          : InvalidArgument: (:) [Get-ChildItem], ParameterBindingException<br>    + FullyQualifiedErrorId : AmbiguousParameter,Microsoft.PowerShell.Commands.GetChildItemCommand<br><br>have anyone also having this issue, how to resolve it"
748,I&#39;m facing issue to link email plz help git config --global user email&quot;email id&quot; this code will not add the email
749,Notes kise download kare apna college ka ye git hub vala
750,Power BI tutorial
751,THANK YOU
752,"On creating Pull Request<br><br>Specify Rules and regulations<br>That&#39;s how actually<br>The official PR look&#39;s likeee<br><br>Example check list<br><a href=""http://www.youtube.com/results?search_query=%23code"">#code</a><br>Detailed description ..."
753,Dbms pe bhi ek tutorial bna do
754,Thanks for such amazing tutorial
755,Well explained Shrada â¤
756,anyone please help----<br>kya ham folder ke andar folder bana sakte hai ? github pr?
757,mja agya ğŸ¤©ğŸ¤© lots of new thing for learn ğŸ˜‹..thank u di
758,Wow Wowww Wowwwww!!!
759,good explanation
760,javascript in one shot please
761,"<a href=""https://www.youtube.com/watch?v=Ez8F0nW6S-w&amp;t=1384"">23:04</a>"
762,Mere vs code m ctrl+shift+ v se paste hota h
763,Please English  subtitles
764,"video + Your examples.<a href=""UCkszU2WH9gy1mb0dV-11UJg/G8AfY6yWGuKuhL0PlbiA2AE""></a>ğŸ¤©"
765,Thank you mam â¤
766,I like you.
767,Please make a video on GitHub Actions...
768,"Thanks Shradha didi, it was ver useful for me"
769,didi can you please make video on protfolio.
770,"This has been an amazing tutorial, it has helped me get started with github and only practice will make me progress. <br>But I have a question ( might sound very silly but  know that i am no programmer and am just starting with coding) , How do i move the projects i created in other code editors such as jupyter etc to github?"
771,If you are having an error with &quot;ls -a&quot; then use either &quot;ls -la&quot; OR &quot;ls -force&quot;
772,"Do we need to configure git everytime we use it or just once @<a href=""https://www.youtube.com/watch?v=Ez8F0nW6S-w&amp;t=1215"">20:15</a> , I only have one account"
773,Javascript plzzz......
774,"Hi  Shradha, thanks for this detailed session. Super helpful!!<br>I am facing one issue - getting error while using ls -a command in VS but not sure why. Could you please guide me what&#39;s going wrong?"
775,I WANT TO JOIN A TEAMğŸ˜¢
776,Didi what is communities n how to search  ..where to search ..n how to choose plz guide me as am 1 st  sem student
777,Please make Video English
778,I want change git bash configuration i.e. email and password<br>how can I do that?
779,Ma&#39;am please Java  netbeans par ek video banayiye
780,"How do you save the changes @<a href=""https://www.youtube.com/watch?v=Ez8F0nW6S-w&amp;t=1725"">28:45</a>"
781,When you also make a video on GitHub code spaces because with that we can even code on our mobiles <br>ğŸ™ğŸ™ğŸ™ğŸ™ğŸ™ğŸ™ğŸ™ğŸ™ğŸ™ğŸ™ğŸ™ğŸ™ğŸ™<br>(like idk if we can code in mobile or not but the GitHub does claim it)
782,"hello Guys is it  -&gt;  ls -a are cmd is working in you  Systems  because it not woking in my system<br>tho<br>this Error Pop up in command <br>-------------------------------------------------------------------------------------------------------------------------------------------------------<br>Get-ChildItem : Parameter cannot be processed because the parameter    <br>name &#39;a&#39; is ambiguous. Possible matches include: -Attributes <br>-Directory -File -Hidden -ReadOnly -System."
783,Yaar yai kitni awesome hai<br>Shukriya bhot bhot â¤
784,How to freelance in Data science â“
785,Maam cyber security and ethical hacking in one video pleaseğŸ™ğŸ™ğŸ™
786,By far the best git and github tutorial I have come across on yt :)
787,Plz share sql connection on local server
788,scratch matlab basics ko bolte or mein scratch ko dhundti hu vo har bar scratch ko programming language hi batata haiğŸ˜’ğŸ˜’ğŸ˜’
789,happy teacher day shraddha mam
790,"<a href=""https://www.youtube.com/watch?v=Ez8F0nW6S-w&amp;t=1987"">33:07</a>"
791,Fabulous tutorial
792,Thank you for this amazing info..But there is more simple way to stage and commit our changes and also to create branches.
793,Loved the way of your simple explanation of complex things.
794,"kisi ko pta h , macos vs code  me is video me konsa font use kiya h?"
795,"Mam, &quot; ls -a &quot; is not working in my Visual studio code&#39;s Terminal, What should i do now ? It&#39;s showing an error that  Parameter cannot be processed because the parameter name &#39;a&#39; is ambiguous."
796,is anybody facing the issue of ls -a in windows
797,Thankyou soo much
798,thanks for this lecture mam
799,Thank you for this wonderful video....I really needed it. Happy teachers day to you mam.
800,"Thanks didi i really gained a lot from this...<a href=""UCkszU2WH9gy1mb0dV-11UJg/m8MfY4jbFsWJhL0PyouA2Ak""></a>"
801,Thanks Shradha Ma&#39;am. This tutorial cleared all my doubts.
802,Perfectly understood clearly ğŸ‘ thanks ma&#39;am
803,didi 20 mints se may mac may start kardiya mera jo fuse pura chalagaya<br>kya kardiya
804,Thanks ma&#39;am
805,"Hi all,<br><br>Thank you so much. the explanation is amazing. When I tried  ls <del>a  command, I got the below error</del>  <br><br>Get-ChildItem : Parameter cannot be processed because the parameter name &#39;a&#39; is <br>ambiguous. Possible matches include: -Attributes -Directory -File -Hidden -ReadOnly     <br>-System.<br>At line:1 char:4<br>+ ls -a<br>+    ~~<br>    + CategoryInfo          : InvalidArgument: (:) [Get-ChildItem], ParameterBindingEx  <br>   ception<br>    + FullyQualifiedErrorId : AmbiguousParameter,Microsoft.PowerShell.Commands.GetChil  <br>   dItemCommand<br><br><br>Did anyone encounter a similar error? Any leads would be appreciated."
806,"Changing master to main - <a href=""https://www.youtube.com/watch?v=Ez8F0nW6S-w&amp;t=2788"">46:28</a>"
807,Somehow your speaking speed changed to twice the normal. It changed for few minutes and now it is back again to the normal speed. Could be an issue with my machine. Could you check on your side? Thanks.
808,Javascript video vejo please ğŸ™
809,Tnxâ¤
810,"just a request: there are lot of Mac users, can please make specific content just for Mac users, because it hard to find content just for Mac"
811,Thank You Shradha Didi for your wonderful class on Github and Git ... this class was awesome and i really liked the way you took the examples...by related each and everything with real life<br>Thank YouğŸ˜ğŸ˜
812,How to make friends??
813,Can you make the same video on Apache Kafka?
814,"Thanks for the video,,Pls make advance video on git commnads and merging conflicts resolution..."
815,Your way of explaining is very good.please make complete vedio on source tree.
816,Thank you so much for this wonderful tutorial.
817,If you still use cli in 2023! Youre already outdated ğŸ˜‚
818,Great work ğŸ‘
819,25.38<br>..
820,Very crisp and solid tutorial. Helpful and easy to understand. ğŸ‘Œ
821,Please make flutter tutorial
822,"For those who face problem with &quot;ls -a&quot; command.<br>To fix this, just change your terminal from powershell to git bash in Vs code."
823,Great Zindabad
824,Didi ye batao ki robot ko program kaise kiya jata hai unhe kaise bataya jata hai ki tum kya kam karo jaise ki Boston dynamic and Tesla and dip maind jaise robot ko kaise program kaise kia jata hai batao please please didi please please please please please please please please please please please please please please please please please please please please please please please please please please please please please please please please please please please please please please please please please please please please please please please please please please please please please please please please
825,One one the best GitHub tutorial on YouTube. â¤â¤â¤
826,Absolutely Helpful!
827,ls-a is not working on windows
828,Ma&#39;am PLEASE Javascript in 1 shot pdhado
829,best video ever seen for git and GitHubğŸ˜€
830,"Hie guys, I am trying to push code to GitHub, but unfortunately, I am stuck with an error :- &quot;Enter passphrase for key &#39;/Users/------/.ssh/id_ed25519&#39;: &quot; Could anyone guid me how to solve this? <br>Video :- <a href=""https://www.youtube.com/watch?v=Ez8F0nW6S-w&amp;t=2850"">47:30</a><br>tyr code :- git push origin main"
831,very very helpful course for self learner......
832,Nice explanation
833,Kab hoga delta 2.0 ka class
834,I&#39;m going to learn Git with your video.<br>best regards from panama ğŸ‡µğŸ‡¦
835,Very useful information about git and github. <br>Thank you so much madam_jiğŸ˜ŠğŸ™
836,Thank you soo much... This video was much needed
837,Much appreciated
838,JavaScript also didi ğŸ™ğŸ™
839,Mam which coding language is faster and what about Java can i start with this language it is good â“
840,finally best i found here
841,Why worry of not getting into good college ? when shradha didi is with us.
842,Mam me delta 2.0 me enrolled hu but mujhe lectures show nhi horahe mene email bhi ki h magar koi reply nhi aya. Please resolve my issue.
843,what an insightful tutorial you have here. One of the best videos to understand the Git workflow and even practice the same on the fly. No wonder you have 4M+ subscribers. You are going places. Trust me.
844,you are the one who is only one . thankx for that
845,i like it
846,Hi I am using windows 10 but &quot; ls -a &quot; command is not working in my system. could you please help to resolve this issue. Thank you in advance
847,"<a href=""https://www.youtube.com/watch?v=Ez8F0nW6S-w&amp;t=2172"">36:12</a>"
848,"Didi pls bring more such content , meaning long hour videos . Your SQL video too good.<br>I didn&#39;t have any idea about the SQL , and then I watched your video , it was very informative. It is a request to you and the apna college team to pls bring more content on 3rd year. It would be really helpful.<br><br>ğŸ’ŒğŸ’ŒğŸ’ŒğŸ’ŒğŸ’Œ"
849,@ApnaCollegeOfficial Hi mam! i am from pakistan ..your notes require a signup and i think it requires an indian number also due to which we cant download the notes can you help us somehow with it?
850,please make a series of oops with c++
851,Mam Maine payment kr diya 5999 rupay par course nhi mila
852,Thanks ğŸ™ğŸ™ğŸ™ğŸ™ğŸ™ğŸ™ğŸ™ğŸ‰
853,"Great video, can you please talk about rebase also, or commands to make changes to already made commits"
854,By far the best git tutorial I&#39;ve seen ğŸ‘
855,Hi  Mam please make the video based on javascript. I&#39;m waiting from long time
856,Hi  Mam please make the video based on javascript. I&#39;m waiting from long time
857,Hi  Mam please make the video based on javascript
858,"<a href=""https://www.youtube.com/watch?v=Ez8F0nW6S-w"">0:00</a> Introduction<br><a href=""https://www.youtube.com/watch?v=Ez8F0nW6S-w&amp;t=67"">1:07</a> Git Introduction<br><a href=""https://www.youtube.com/watch?v=Ez8F0nW6S-w&amp;t=300"">5:00</a> GitHub Introduction<br><a href=""https://www.youtube.com/watch?v=Ez8F0nW6S-w&amp;t=445"">7:25</a> Setting Up GitHub<br><a href=""https://www.youtube.com/watch?v=Ez8F0nW6S-w&amp;t=986"">16:26</a> Setting Up Git<br><a href=""https://www.youtube.com/watch?v=Ez8F0nW6S-w&amp;t=1213"">20:13</a> Configuring Git<br><a href=""https://www.youtube.com/watch?v=Ez8F0nW6S-w&amp;t=1383"">23:03</a> Working with VS Code<br><a href=""https://www.youtube.com/watch?v=Ez8F0nW6S-w&amp;t=1442"">24:02</a> Clone and Status<br><a href=""https://www.youtube.com/watch?v=Ez8F0nW6S-w&amp;t=1943"">32:23</a> Add and Commit<br><a href=""https://www.youtube.com/watch?v=Ez8F0nW6S-w&amp;t=2155"">35:55</a> Push Command<br><a href=""https://www.youtube.com/watch?v=Ez8F0nW6S-w&amp;t=2371"">39:31</a> Init Command<br><a href=""https://www.youtube.com/watch?v=Ez8F0nW6S-w&amp;t=2949"">49:09</a> Work Flow<br><a href=""https://www.youtube.com/watch?v=Ez8F0nW6S-w&amp;t=2976"">49:36</a> Git Branches<br><a href=""https://www.youtube.com/watch?v=Ez8F0nW6S-w&amp;t=3085"">51:25</a> Branch Commands<br><a href=""https://www.youtube.com/watch?v=Ez8F0nW6S-w&amp;t=3355"">55:55</a> Merging Code<br><a href=""https://www.youtube.com/watch?v=Ez8F0nW6S-w&amp;t=3432"">57:12</a> Pull Request<br><a href=""https://www.youtube.com/watch?v=Ez8F0nW6S-w&amp;t=3616"">1:00:16</a> Pull Command<br><a href=""https://www.youtube.com/watch?v=Ez8F0nW6S-w&amp;t=3650"">1:00:50</a> Resolving Merge Conflicts<br><a href=""https://www.youtube.com/watch?v=Ez8F0nW6S-w&amp;t=3931"">1:05:31</a> Undoing Changes<br><a href=""https://www.youtube.com/watch?v=Ez8F0nW6S-w&amp;t=4284"">1:11:24</a> Fork"
859,git ignore topic is missed anyways it was nice tutorial
860,please make video for<br> DEvops
861,Thank you didi.
862,ğŸ‰ğŸ¤©ğŸ‘
863,I am from first year CSE from tier 3 college anyone pls guide me i will be so grateful to you.
864,"Many Many Teacher in That worlds, but how explain  concept  of the topic,  super awesome..  Madam you are top Level..  2nd  i want to join delta 2.0 , but that time have some issues,,    Keep your Journey,,,    after that  a lot of THANKS..."
865,don&#39;t call DIDI ğŸ˜‹
866,BEST GIT TUTORIAL ; https://www.youtube.com/watch?v=aCuZLOgStvQ&amp;list=UULF7lXg1Uy43UP1bN7LIp_Rzg
867,"Usually I don&#39;t hit like button....but this time,,,,what a masterpiece explanationâ¤"
868,Great ğŸ‘ğŸ˜Š
869,"One of the Greatest Explanations &#39;That I Have Seen On YouTube&#39;, Thank You"
870,Developer ko hi nahi tester ko bhi jaruri hai git pata hona.
871,Please Javascript One Shot Video Please..
872,Plz add some financial aid options in alpha plus
873,"The best video on internet for Git and Github, Thanks â¤"
874,mern stack course
875,Already millions of videos on this on YouTube..
876,Thank you so much for giving detail explanation about git and git hub.pls explain about Jenkins  in the same way to clear my doubts
877,Mam please make javascript tutorial like you have made css for us
878,"Sharadha di mene delta 2.0 ki payment kr di but course nhi milağŸ˜¢ğŸ˜¢ğŸ˜­ğŸ˜­ m kya kru ab<br><a href=""https://www.youtube.com/watch?v=_8O-ZN2pvOo"">https://youtu.be/_8O-ZN2pvOo?si=e4KneE47ld7R6vXw</a>"
879,Didi full JavaScript course plz plz
880,thank u apna college.....kaafi waqt s smjhna tha kha se shuru kha khtm hoga pta bhi nhi tha kai baar start bhi kra  but this time i started and completed with practice
881,"when I push local repo to remote repo, it ask username and password again and again....<br>what should I do...?"
882,You did great job Saradha. Awesome   video and very knowledgeable. Thank you to making this. Can you make one video on Jenkins pls?
883,"<a href=""https://www.youtube.com/watch?v=Ez8F0nW6S-w&amp;t=1212"">20:12</a> / <a href=""https://www.youtube.com/watch?v=Ez8F0nW6S-w&amp;t=4521"">1:15:21</a>"
884,when we are using ls -a in windows<br>parameter cannot be processed ... like that some error message is showing...<br>What to do for that ?
885,Shadda mam plz JavaScript padha de plz plz plz
886,Didi Please MongoDb ka ek full tutorial bana dijiye
887,Didi please make video on react js  with project and  how to build a project as a beginner
888,Shraddha didi plz batayiye agr mujhe mca krna hai after bsc mathematics to mca ke pehle kya kya seekhna padega mujhe?
889,I create a file then do some changes then i add then commit then push but in local the file shows me M (Modified) why?<br>ğŸ˜­ğŸ˜­
890,Thank you Shradha mam for this amazing tutorial â¤
891,can someone suggest me ?
892,ls -a isn&#39;t working in my windows laptop why?
893,"Audio is too loud, sometimes unclear and the voice isn&#39;t smooth ! The speaker is louder than needed and losing voice clarity!"
894,i am getting error on {ls -a} command
895,"Best Video on git<a href=""UCkszU2WH9gy1mb0dV-11UJg/8P50XuS9Oo7h8wSqtIagBA""></a><a href=""UCkszU2WH9gy1mb0dV-11UJg/8P50XuS9Oo7h8wSqtIagBA""></a><a href=""UCkszU2WH9gy1mb0dV-11UJg/8P50XuS9Oo7h8wSqtIagBA""></a>"
896,"Great intro video<br>Can you make a video on you contributing to a frontend project, so that we can learn more about pull request N fork"
897,ls -a mere me work nhi kr rha h aur LocalRepo ban gya h uske andar hm chle jaa rhe cd LocalRepo ka use krke lekin iss naam ka koi folder show nhi kr rha h apnacollege-demo ke niche
898,Can you please make videos on informatica mdm please please
899,"<a href=""https://www.youtube.com/watch?v=Ez8F0nW6S-w&amp;t=2300"">38:20</a>"
900,Didi aap aapne course main certificate nhi dengi ky ?
901,Make video on manual testing selenium  testing
902,Mam please upload the slides also.
903,most help full content for all IT department coding learner
904,Alpha ka new course kab aayega  ?
905,Devops interview preparation course please
906,While configuring git it&#39;s showing error  (no such job) what do i do ?
907,Thanks mam..for the video..
908,"<a href=""https://www.youtube.com/watch?v=Ez8F0nW6S-w&amp;t=786"">13:06</a>"
909,"Plz mam ,start php series"
910,Mam pls speak in English mam
911,ğŸ˜ƒğŸ˜ƒ
912,"can anyone help ?@<a href=""https://www.youtube.com/watch?v=Ez8F0nW6S-w&amp;t=1430"">23:50</a> it is showing git is not recognized"
913,tutorial for javascript
914,"Girl, ~ represents Home directory not Root Directory in Unix Like OS including MAC OS"
915,Linux operating system ka video banao didi...aap bhut ache se explain karte ho .....ğŸ™
916,Thankyou mam
917,A video on notion
918,please javaScript pe aik pori video banao we are waiting most ...
919,Much needed session didiğŸ˜Š
920,Please make a video on Git using Pycharm.
921,please creat a Crouse about coding competition
922,Di please tell how to manage college subjects plus Web development (learning self)
923,Waiting for it.ğŸ˜Š Thanks to Shradha didi and apna College.
924,Can you please make a complete tutorial on java script
925,wonderful.. Best explanation to the point...Covered almost every concepts.. best tutorial Thanks lot
926,"This is a wonderful place to learn but it is sad that the language used here is hindi, please can you help by adding subtitles to all your videos so that others dont speak hindi can follow up and understand."
927,Didi We want a full course on javascript
928,Is it good to join in nxtwave ccbp4.0 please give me your suggestion didi ğŸ¥²
929,ma&#39;am  ls -a  command is not working on my vs code can you tell how to fix it. I am not able to see git hidden file.
930,ls -a command not working
931,thank you so much for value able video
932,I completed this tutorial today thank you.
933,I never imagined this type of knowledge for free but it&#39;s all possible because of you.â¤<br>Can&#39;t thank enough to you shradha didi.â¤
934,"Ma&#39;am ,  can you please upload a video on roadmap of cloud computing if possible...please mam"
935,m bhi soch rha hu ki tumhari video dekh k coding Sikh lu padai toh Hui nahin mujhse
936,Didi please make  videos about all DEVOPS Tools please please
937,JavaScript oneshot video leke aaya didi
938,CS 1st year in nit road map for crack Google
939,Mam please mongodb par AK one shot bana do
940,I am an Delta 2.0 students please make video on time table and details of code
941,Please Start Python complete series from Basic to advance like C++ which is covered
942,mam tablue ya  power bi pe v nikal do video
943,Great content... !!!
944,"One of the Best Channel Ever.....<a href=""UCkszU2WH9gy1mb0dV-11UJg/ePgfY-K2Kp6Mr8oP1oqAwAc""></a>"
945,Hello mam!<br>Are lectures are recorded and can i join session bit late?<br>From Pakistan â¤ï¸
946,Please upload Java Script one short Video
947,Please upload Java Script one short Video
948,Maam SaaS kya hota hai ek video us par bhi bana do
949,â¤â¤
950,"Make a video on python libraries like pandas, numpy and matplotlib."
951,How to delete GitHub repositoryâ¤
952,"javascript in one shot plzzz including promises, async -await ,call back,api fetch-json and all imp basic topics ....it will help a lot of students to build their projects and understand the concepts"
953,Thank you for this Didi.!!â™¥ï¸
954,English captions???ğŸ˜­
955,Mam which is better in CSE branch AIML or AI Robotics?<br>Please reply
956,Mem. Git file show nhi ho rahi h
957,Mam  delta 2.0 mai  interview karvye ge
958,MAM MAC OS ME COMPILER KAISE INSTALL KARE PLEASE EAK VIDEO BANA DE PLEASE ğŸ™
959,"ls -a not working<br><br>showing error plz help<br><br><br>Get-ChildItem : Parameter cannot be processed because the parameter name &#39;a&#39; is ambiguous. Possible matches include: -Attributes -Directory -File <br>-Hidden -ReadOnly -System.<br>At line:1 char:4<br>+ ls -a<br>+    ~~<br>    + CategoryInfo          : InvalidArgument: (:) [Get-ChildItem], ParameterBindingException<br>    + FullyQualifiedErrorId : AmbiguousParameter,Microsoft.PowerShell.Commands.GetChildItemCommand"
960,ls -a not working on windows .Anyone have same problem?
961,Jawa script course please
962,Discord server link ğŸ™ğŸ™ğŸ™
963,Thanks mam recently I try to find a video on this<br>You really know what you need
964,We can use terminal in windows..?
965,Thankyou so much apna college this is what I needed ..
966,Kitni Bak bak karti hoo Jara saas too loo mujhe laga 1.25x pe hai ğŸ˜¶ par ye to Normal Speed mai itni Fast hai bhai ğŸ˜‚
967,Shraddha Didi agar koi Apse bada hoga too wo apko &quot;Didi&quot; bolega ki &quot;Chotti&quot; Bolega Ki &quot;Shradha Mam&quot; BolegağŸ˜…
968,"bhai 15 min ke baad kuch samjhme mae hi nahin aaa raha hai,sorry ğŸ˜­ğŸ˜­ğŸ˜­ğŸ˜­"
969,Please make a tutorial video on javascript
970,"<a href=""https://www.youtube.com/watch?v=Ez8F0nW6S-w&amp;t=1725"">28:45</a>  pe save kese kya"
971,"Hello Maam Namaste<br>Main Chahta hu ki aap React Js pe Full Master Totorial banaye please maam react aap se sikhani hain to ek React pe  master class lecture to banti hain <br>         ğŸ™ Please My Request Accept YouğŸ™"
972,"Hello Maam Namaste<br>Main Chahta hu ki aap React Js pe Full Master Totorial banaye please maam react aap se sikhani hain to ek React pe  master class lecture to banti hain <br>         ğŸ™ Please My Request Accept YouğŸ™"
973,"Hello Maam Namaste<br>Main Chahta hu ki aap React Js pe Full Master Totorial banaye please maam react aap se sikhani hain to ek React pe  master class lecture to banti hain <br>         ğŸ™ Please My Request Accept YouğŸ™"
974,"Hello Maam Namaste<br>Main Chahta hu ki aap React Js pe Full Master Totorial banaye please maam react aap se sikhani hain to ek React pe  master class lecture to banti hain <br>         ğŸ™ Please My Request Accept YouğŸ™"
975,"Hello Maam Namaste<br>Main Chahta hu ki aap React Js pe Full Master Totorial banaye please maam react aap se sikhani hain to ek React pe  master class lecture to banti hain <br>         ğŸ™ Please My Request Accept YouğŸ™"
976,"Hello Maam Namaste<br>Main Chahta hu ki aap React Js pe Full Master Totorial banaye please maam react aap se sikhani hain to ek React pe  master class lecture to banti hain <br>         ğŸ™ Please My Request Accept YouğŸ™"
977,"Hello Maam Namaste<br>Main Chahta hu ki aap React Js pe Full Master Totorial banaye please maam react aap se sikhani hain to ek React pe  master class lecture to banti hain <br>         ğŸ™ Please My Request Accept YouğŸ™"
978,"Hello Maam Namaste<br>Main Chahta hu ki aap React Js pe Full Master Totorial banaye please maam react aap se sikhani hain to ek React pe  master class lecture to banti hain <br>         ğŸ™ Please My Request Accept YouğŸ™"
979,"Hello Maam Namaste<br>Main Chahta hu ki aap React Js pe Full Master Totorial banaye please maam react aap se sikhani hain to ek React pe  master class lecture to banti hain <br>         ğŸ™ Please My Request Accept YouğŸ™"
980,Hello Maam Namaste<br>Main Chahta hu ki aap React Js pe Full Master Totorial banaye please maam react aap se sikhani hain to ek React pe  master class lecture to banti hain <br>         ğŸ™ Please My Request Accept YouğŸ™
981,Apna college didi muje aap ka delta 2.0 course lena hai mene bahut muskil se aap ke course ke liye paise jama kiye h 5000 plz didi ek or offer de do me paise ki bahut tangi h 5000 bahut muskil se jama kiye h
982,"<a href=""https://www.youtube.com/watch?v=Ez8F0nW6S-w&amp;t=67"">1:07</a>"
983,Di make a complete course on c# tutorial from basic to advanced all topics should be covered.
984,"good decision to make this video, GitHub is a basic requirement for all tech people now!"
985,Make video on prompt engineering full course<br>Please.
986,plzzz create course on php
987,Ma&#39;am please extend delta 2.0  offer at raksha bandhan please
988,Mera 10th ke bad gap h 12th ke bad gap h is se koi problem ayegi job me in future
989,Didi please javascript ka playlist bna do sir ne banayi h pr samjh nhi aa rha kuch aapka btaya hua bohot ache se samjh aata h please didi Java script ki course bna do aap
990,Shradha ma&#39;am JavaScript tutorial plz ğŸ˜Š
991,Shradha ma&#39;am JavaScript tutorial plz ğŸ˜Š
992,"Thank you, Di for this short and complete tutorial. I faced lots of difficulties in using Git and GitHub and no proper tutorial was found. Because of this, I lack many projects. It is a simple thing but since I can&#39;t understand the basics I faced a problem. Thank you a lot for this and please make more videos like this.<br>Take Care!"
993,Hello didi ...when can we get our Alpha 4.0 certificate
994,Ma&#39;am ~ is not the root directory it is the /home/user directory.
995,OS and Comp Network ke liye bhi pls one shot plssssssssssssssss
996,Thank you  mam for this amazing guide for git and github
997,"Thanks Di... <br>Appreciate your hardwork ,lovely content.â¤."
998,snl
999,having a problem in accessing git in vs code any help??<br>i have created a file (empty one ) then accessed the file in vs code and in terminal i didnt get the git version;
